<?xml version="1.0" encoding="UTF-8" standalone="yes"?>
<addon id="plugin.program.digiprotools" name="[COLOR blue]DigiPro[/COLOR] Tools" version="1.0.0" provider-name="DigiPro">
  <requires>
    <import addon="xbmc.python" version="2.1.0"/>
  </requires>
  <extension point="xbmc.python.pluginsource" library="default.py">
    <provides>executable</provides>
  </extension>
  <extension point="xbmc.service" library="startup.py" start="startup" />
  <extension point="xbmc.addon.metadata">
    <summary lang="en">DigiPro Tools</summary>
    <description lang="en">Easy Expert install plus Backup and restore.</description>
    <platform>all</platform>
  </extension>
</addon>