<?xml version="1.0" encoding="UTF-8"?>
    <addon id="digipro.repository" name="[COLOR blue]DigiPro[/COLOR] Repository" version="1.0.3" provider-name="DigiPro">
        <requires>
            <import addon="xbmc.addon" version="12.0.0"/>
        </requires>
        <extension point="xbmc.addon.repository" name="[COLOR blue]DigiPro[/COLOR] Repository">
            <info compressed="false">https://github.com/htpcforall/digipro/blob/master/_repo/addons.xml</info>
            <checksum>https://github.com/htpcforall/digipro/blob/master/_repo/addons.xml.md5</checksum>
            <datadir zip="true">https://github.com/htpcforall/digipro/tree/master/_repo</datadir>
            <hashes>false</hashes>
        </extension>
        <extension point="xbmc.addon.metadata">
            <summary>[COLOR blue]DigiPro[/COLOR] Repository</summary>
            <description>Download and install addons, repositories and backups.</description>
            <platform>all</platform>
    </extension>
</addon>