<?xml version="1.0" encoding="UTF-8"?>
<includes>
	<include file="defaults.xml" />
	<include file="IncludesCodecFlagging.xml" />
	<include file="IncludesPlayerControls.xml" />
	<include file="IncludesHomeRecentlyAdded.xml" />
	<include file="IncludesKeypad.xml" />

	<!-- these are the only files that differ between 4x3Hirez and 16x9 -->
	<include file="ViewsCommon.xml" />
	<include file="ViewsMetaData.xml" />
	<include file="ViewsAddonBrowser.xml" />
	<include file="ViewsPVR.xml" />

	<!-- these are the only 5 lines in this file that differ between 4x3Hirez and 16x9 -->
	<constant name="ScreenWidth">1280</constant>
	<constant name="16x9Offset">0</constant>
	<constant name="BackgroundWidth">345</constant>
	<constant name="LabelWidth">335</constant>
	<constant name="DialogPosition">435r</constant>

	<constant name="ScreenHeight">960</constant>
	<constant name="FanartCrossfadeTime">500</constant>
	<constant name="IconCrossfadeTime">400</constant>

	<variable name="BannerThumb">
		<value condition="!IsEmpty(ListItem.Art(banner))">$INFO[ListItem.Art(banner)]</value>
		<value condition="IsEmpty(ListItem.Art(banner))">$INFO[ListItem.Icon]</value>
	</variable>
	<variable name="PosterThumb">
		<value condition="!IsEmpty(ListItem.Art(poster))">$INFO[ListItem.Art(poster)]</value>
		<value condition="IsEmpty(ListItem.Art(poster))">$INFO[ListItem.Icon]</value>
	</variable>
	<variable name="PVRSection">
		<value condition="Window.IsVisible(TVChannels) | Window.IsVisible(TVGuide) | Window.IsVisible(TVRecordings) | Window.IsVisible(TVTimers) | Window.IsVisible(TVSearch)">$LOCALIZE[31556]</value>
		<value condition="Window.IsVisible(RadioChannels) | Window.IsVisible(RadioGuide) | Window.IsVisible(RadioRecordings) | Window.IsVisible(RadioTimers) | Window.IsVisible(RadioSearch)">$LOCALIZE[19021]</value>
	</variable>
	<variable name="PVRSwitch">
		<value condition="Window.IsVisible(TVChannels) | Window.IsVisible(TVGuide) | Window.IsVisible(TVRecordings) | Window.IsVisible(TVTimers) | Window.IsVisible(TVSearch)">$LOCALIZE[19021]</value>
		<value condition="Window.IsVisible(RadioChannels) | Window.IsVisible(RadioGuide) | Window.IsVisible(RadioRecordings) | Window.IsVisible(RadioTimers) | Window.IsVisible(RadioSearch)">$LOCALIZE[31556]</value>
	</variable>

	<include name="CommonBackground">
		<control type="image">
			<posx>0</posx>
			<posy>0</posy>
			<aspectratio>scale</aspectratio>
			<width>ScreenWidth</width>
			<height>ScreenHeight</height>
			<!--<texture fallback="special://skin/background/SKINDEFAULT.jpg">special://skin/background/$INFO[Skin.CurrentTheme].jpg</texture>-->
			<texture fallback="special://skin/background/SKINDEFAULT.gif">special://skin/background/$INFO[Skin.CurrentTheme].jpg</texture>
			<visible>!Skin.HasSetting(UseCustomBackground)</visible>
		</control>
		<control type="image">
			<posx>0</posx>
			<posy>0</posy>
			<aspectratio>scale</aspectratio>
			<width>ScreenWidth</width>
			<height>ScreenHeight</height>
			<texture>$INFO[Skin.String(CustomBackground)]</texture>
			<visible>Skin.HasSetting(UseCustomBackground)</visible>
		</control>
		<control type="videowindow">
			<posx>0</posx>
			<posy>0</posy>
			<width>ScreenWidth</width>
			<height>ScreenHeight</height>
			<visible>!Skin.HasSetting(HideVideoBackground) + Player.HasVideo + !Window.IsVisible(TVChannels) + !Window.IsVisible(RadioChannels)</visible>
		</control>
		<control type="visualisation">
			<posx>0</posx>
			<posy>0</posy>
			<width>ScreenWidth</width>
			<height>ScreenHeight</height>
			<visible>!Skin.HasSetting(HideVizBackground) + Player.HasAudio</visible>
		</control>
		<control type="image">
			<posx>0</posx>
			<posy>0</posy>
			<width>ScreenWidth</width>
			<height>ScreenHeight</height>
			<texture>black.png</texture>
			<colordiffuse>70000000</colordiffuse>
			<visible>[!Skin.HasSetting(HideVizBackground) + Player.HasAudio] | [!Skin.HasSetting(HideVideoBackground) + Player.HasVideo + !Window.IsVisible(TVChannels) + !Window.IsVisible(RadioChannels)]</visible>
		</control>
		<include>CommonHeader</include>
	</include>
	<include name="CommonBackgroundOverlay">
		<control type="group">
			<visible>!Window.IsActive(PlayerControls)</visible>
			<include>VisibleFadeEffect</include>
			<control type="image">
				<posx>0</posx>
				<posy>100</posy>
				<width>ScreenWidth</width>
				<height>10</height>
				<texture>shelf_shadow.png</texture>
			</control>
			<control type="image">
				<posx>0</posx>
				<posy>20</posy>
				<width>ScreenWidth</width>
				<height>80</height>
				<texture border="0,0,0,2">header.png</texture>
			</control>
			<control type="group">
				<include>16x9_xPos_Relocation</include>
				<posx>535</posx>
				<posy>23</posy>
				<include>VisibleFadeEffect</include>
				<visible>Player.HasMedia</visible>
				<control type="button">
					<description>Previous Button</description>
					<posx>0</posx>
					<posy>5</posy>
					<width>55</width>
					<height>55</height>
					<label>-</label>
					<texturenofocus>OSDPrevTrackNF.png</texturenofocus>
					<texturefocus>OSDPrevTrackFO.png</texturefocus>
					<onclick>PlayerControl(Previous)</onclick>
				</control>
				<control type="togglebutton">
					<description>Play Button</description>
					<posx>70</posx>
					<posy>0</posy>
					<width>65</width>
					<height>65</height>
					<label>-</label>
					<texturefocus>OSDPlayFO.png</texturefocus>
					<texturenofocus>OSDPlayNF.png</texturenofocus>
					<usealttexture>Player.Paused | Player.Forwarding | Player.Rewinding</usealttexture>
					<alttexturefocus>OSDPauseFO.png</alttexturefocus>
					<alttexturenofocus>OSDPauseNF.png</alttexturenofocus>
					<onclick>PlayerControl(Play)</onclick>
				</control>
				<control type="button">
					<description>Next Button</description>
					<posx>150</posx>
					<posy>5</posy>
					<width>55</width>
					<height>55</height>
					<label>-</label>
					<texturenofocus>OSDNextTrackNF.png</texturenofocus>
					<texturefocus>OSDNextTrackFO.png</texturefocus>
					<onclick>PlayerControl(Next)</onclick>
				</control>
				<control type="progress">
					<description>Progressbar</description>
					<posx>-85</posx>
					<posy>70</posy>
					<width>380</width>
					<height>6</height>
					<info>Player.Progress</info>
					<texturebg border="10,0,10,0">HeaderProgressBack.png</texturebg>
					<midtexture border="10,0,10,0">HeaderProgressFront.png</midtexture>
				</control>
			</control>
			<control type="image">
				<posx>0</posx>
				<posy>64r</posy>
				<width>ScreenWidth</width>
				<height>64</height>
				<texture>floor.png</texture>
			</control>
			<control type="image">
				<description>Window label Position Image</description>
				<posx>-20</posx>
				<posy>64r</posy>
				<width>64</width>
				<height>64</height>
				<aspectratio>keep</aspectratio>
				<texture>TitleBlock.png</texture>
				<visible>!Window.IsVisible(Home)</visible>
				<animation effect="fade" time="200" condition="Window.Previous(Home)">WindowOpen</animation>
				<animation effect="fade" time="200" condition="Window.Next(Home)">WindowClose</animation>
			</control>
		</control>
	</include>
	<include name="CommonHeader">
		<control type="image">
			<posx>0</posx>
			<posy>0</posy>
			<width>ScreenWidth</width>
			<height>20</height>
			<texture>black.png</texture>
		</control>
		<control type="label">
			<description>Kodi label</description>
			<posx>5</posx>
			<posy>0</posy>
			<width>200</width>
			<height>18</height>
			<align>left</align>
			<aligny>center</aligny>
			<font>font10_title</font>
			<textcolor>white</textcolor>
			<label>Kodi</label>
		</control>
		<control type="label">
			<description>time label</description>
			<posx>200</posx>
			<posy>0</posy>
			<width>880</width>
			<height>18</height>
			<align>center</align>
			<aligny>center</aligny>
			<font>font10_title</font>
			<textcolor>white</textcolor>
			<label>$INFO[System.Time]</label>
			<visible>!Window.IsVisible(MuteBug)</visible>
			<include>VisibleFadeEffect</include>
			<include>16x9_xPos_Relocation</include>
		</control>
		<control type="label">
			<description>Muted label</description>
			<posx>200</posx>
			<posy>0</posy>
			<width>880</width>
			<height>18</height>
			<align>center</align>
			<aligny>center</aligny>
			<font>font10_title</font>
			<textcolor>orange</textcolor>
			<label>$LOCALIZE[31017]</label>
			<visible>Window.IsVisible(MuteBug)</visible>
			<include>VisibleFadeEffect</include>
			<include>16x9_xPos_Relocation</include>
		</control>
		<control type="group">
			<posx>35r</posx>
			<posy>2</posy>
			<control type="image">
				<posx>0</posx>
				<posy>0</posy>
				<width>2</width>
				<height>15</height>
				<texture>BatteryBackBase.png</texture>
			</control>
			<control type="progress">
				<description>Battery Percent</description>
				<posx>2</posx>
				<posy>0</posy>
				<width>24</width>
				<height>15</height>
				<texturebg>BatteryBack.png</texturebg>
				<midtexture>BatteryFront.png</midtexture>
				<info>System.BatteryLevel</info>
			</control>
			<control type="image">
				<posx>26</posx>
				<posy>0</posy>
				<width>5</width>
				<height>15</height>
				<texture border="2,0,0,0">BatteryBackCap.png</texture>
			</control>
		</control>
		<control type="label">
			<posx>45r</posx>
			<posy>0</posy>
			<width>200</width>
			<height>18</height>
			<font>font10_title</font>
			<textcolor>white</textcolor>
			<align>right</align>
			<aligny>center</aligny>
			<label>$INFO[System.BatteryLevel]</label>
		</control>
	</include>
	<include name="BehindDialogFadeOut">
		<control type="image">
			<posx>0</posx>
			<posy>0</posy>
			<width>ScreenWidth</width>
			<height>ScreenHeight</height>
			<texture>black-back.png</texture>
			<animation effect="fade" time="400">Visible</animation>
			<animation effect="fade" time="200">Hidden</animation>
			<visible>Window.IsActive(ContextMenu) | Window.IsActive(MovieInformation) | Window.IsActive(MusicInformation) | Window.IsActive(SongInformation) | Window.IsActive(FileBrowser) | Window.IsActive(TextViewer) | Window.IsActive(AddonSettings) | Window.IsActive(ContentSettings) | Window.IsActive(SelectDialog) | Window.IsActive(FileStackingDialog) | Window.IsActive(MediaSource) | Window.IsActive(PictureInfo) | [Window.IsActive(NumericInput) + !Window.IsVisible(VirtualKeyboard)] | Window.IsActive(ProfileSettings) | Window.IsActive(LockSettings) | Window.IsActive(SmartPlaylistEditor) | Window.IsActive(SmartPlaylistRule) | Window.IsActive(script-RSS_Editor-rssEditor.xml) | Window.IsActive(script-RSS_Editor-setEditor.xml) | Window.IsActive(AddonInformation) | Window.IsActive(Favourites) | Window.IsActive(PictureInfo) | Window.IsActive(KaraokeLargeSelector) | Window.IsActive(SkinSettings) | Window.IsActive(Peripherals) | Window.IsActive(PeripheralSettings) | Window.IsActive(MediaFilter)</visible>
		</control>
	</include>
	<include name="MediaWindowTitleCommons">
		<posx>55</posx>
		<posy>64r</posy>
		<width>700</width>
		<height>64</height>
		<align>left</align>
		<aligny>center</aligny>
		<font>font13_title</font>
		<textcolor>white</textcolor>
		<shadowcolor>black</shadowcolor>
		<scroll>false</scroll>
		<include>Window_OpenClose_Animation</include>
	</include>
	<include name="WindowTitleCommons">
		<height>60</height>
		<align>left</align>
		<aligny>center</aligny>
		<font>font16</font>
		<textcolor>white</textcolor>
		<shadowcolor>black</shadowcolor>
	</include>
	<include name="FileCountCommons">
		<control type="group">
			<posx>0</posx>
			<posy>35</posy>
			<visible>!Window.IsVisible(ExtendedProgressDialog)</visible>
			<include>Window_OpenClose_Animation</include>
			<control type="image">
				<posx>140r</posx>
				<posy>0</posy>
				<width>45</width>
				<height>45</height>
				<aspectratio>keep</aspectratio>
				<texture>filecount.png</texture>
			</control>
			<control type="label">
				<description>Page Count Label 1</description>
				<posx>150r</posx>
				<posy>2</posy>
				<width>500</width>
				<height>20</height>
				<font>font12</font>
				<textcolor>grey2</textcolor>
				<scroll>false</scroll>
				<align>right</align>
				<aligny>center</aligny>
				<label>$INFO[Window.Property(filter),$LOCALIZE[587] , - ]$INFO[Container.NumItems,, $LOCALIZE[31025]]</label>
			</control>
			<control type="label">
				<description>Page Count Label 2</description>
				<posx>150r</posx>
				<posy>22</posy>
				<width>500</width>
				<height>20</height>
				<font>font12</font>
				<textcolor>grey2</textcolor>
				<scroll>false</scroll>
				<align>right</align>
				<aligny>center</aligny>
				<label>$INFO[Container.CurrentPage,$LOCALIZE[31024] ]$INFO[Container.NumPages, of ,]</label>
			</control>
		</control>
	</include>
	<include name="ScrollBarCommons">
		<control type="group">
			<include>Window_OpenClose_Animation</include>
			<posx>40r</posx>
			<posy>120</posy>
			<visible>Control.IsVisible(60) + ![[Window.IsVisible(TVGuide) | Window.IsVisible(RadioGuide)] + Control.IsVisible(10)]</visible>
			<animation effect="slide" start="40,0" end="0,0" time="400">Visible</animation>
			<animation effect="slide" start="0,0" end="40,0" time="400">Hidden</animation>
			<control type="image">
				<description>Scroll Bar Background Image</description>
				<posx>0</posx>
				<posy>0</posy>
				<width>64</width>
				<height>720</height>
				<texture border="0,60,0,60">ScrollBarBackground.png</texture>
			</control>
			<control type="scrollbar" id="60">
				<posx>8</posx>
				<posy>40</posy>
				<width>29</width>
				<height>640</height>
				<texturesliderbackground border="0,14,0,14">ScrollBarV.png</texturesliderbackground>
				<texturesliderbar border="0,14,0,14">ScrollBarV_bar.png</texturesliderbar>
				<texturesliderbarfocus border="0,14,0,14">ScrollBarV_bar_focus.png</texturesliderbarfocus>
				<textureslidernib>ScrollBarNib.png</textureslidernib>
				<textureslidernibfocus>ScrollBarNib.png</textureslidernibfocus>
				<onleft>60</onleft>
				<onright>60</onright>
				<ondown>60</ondown>
				<onup>60</onup>
				<showonepage>false</showonepage>
				<orientation>vertical</orientation>
				<animation effect="fade" time="150">Visible</animation>
				<animation effect="fade" time="150">Hidden</animation>
			</control>
		</control>
	</include>
	<include name="HomeButtonCommons">
		<control type="group">
			<posx>10</posx>
			<posy>25</posy>
			<visible>!Window.IsActive(PlayerControls)</visible>
			<include>VisibleFadeEffect</include>
			<control type="button">
				<description>Home Button</description>
				<posx>0</posx>
				<posy>0</posy>
				<width>67</width>
				<height>67</height>
				<font>-</font>
				<texturenofocus border="5">floor_button.png</texturenofocus>
				<texturefocus border="5">floor_buttonFO.png</texturefocus>
				<onclick>ActivateWindow(Home)</onclick>
			</control>
			<control type="image">
				<description>Home Button Image</description>
				<posx>0</posx>
				<posy>0</posy>
				<width>67</width>
				<height>67</height>
				<texture>icon_home.png</texture>
			</control>
		</control>
	</include>
	<include name="OptionsButtonCommons">
		<control type="group">
			<posx>77r</posx>
			<posy>25</posy>
			<visible>!Window.IsActive(PlayerControls)</visible>
			<include>VisibleFadeEffect</include>
			<control type="button">
				<description>Options Button</description>
				<posx>0</posx>
				<posy>0</posy>
				<width>67</width>
				<height>67</height>
				<font>-</font>
				<texturenofocus border="5">floor_button.png</texturenofocus>
				<texturefocus border="5">floor_buttonFO.png</texturefocus>
				<onclick>Skin.ToggleSetting(MediaSubMenuVisible)</onclick>
			</control>
			<control type="image">
				<description>Options Button Image</description>
				<posx>0</posx>
				<posy>0</posy>
				<width>67</width>
				<height>67</height>
				<texture>icon_system.png</texture>
			</control>
		</control>
	</include>
	<include name="DialogCloseButtonCommons">
		<control type="image">
			<posx>0</posx>
			<posy>0</posy>
			<width>2</width>
			<height>59</height>
			<texture>header-divide.png</texture>
		</control>
		<control type="button">
			<description>Close Button</description>
			<posx>7</posx>
			<posy>0</posy>
			<width>60</width>
			<height>60</height>
			<font>-</font>
			<onclick>back</onclick>
			<texturefocus>icon_close.png</texturefocus>
			<texturenofocus>icon_close.png</texturenofocus>
		</control>
	</include>
	<include name="MediaSubMenu">
		<control type="button" id="2">
			<description>View button needed for panel below to work</description>
			<visible>false</visible>
		</control>
		<control type="button" id="19">
			<description>Filter button needed for panel below to work</description>
			<visible>false</visible>
		</control>
		<control type="button" id="31">
			<description>Filter button needed for panel below to work</description>
			<visible>false</visible>
		</control>
		<control type="panel" id="9002">
			<visible>!Window.IsActive(PlayerControls)</visible>
			<include>VisibleFadeEffect</include>
			<include>SubMenuCommonLayout</include>
			<content>
				<item>
					<label>587</label>
					<onclick condition="!Container.CanFilterAdvanced">SendClick(19)</onclick>
					<onclick condition="Container.CanFilterAdvanced">Filter</onclick>
					<icon>icon_filter.png</icon>
					<visible>!Container.Filtered + ![Window.IsVisible(TVChannels) | Window.IsVisible(RadioChannels) | Window.IsVisible(TVRecordings) | Window.IsVisible(RadioRecordings) | Window.IsVisible(TVTimers) | Window.IsVisible(RadioTimers) | Window.IsVisible(TVSearch) | Window.IsVisible(RadioSearch)]</visible>
				</item>
				<item>
					<label>587</label>
					<onclick condition="!Container.CanFilterAdvanced">SendClick(19)</onclick>
					<onclick condition="Container.CanFilterAdvanced">Filter</onclick>
					<icon>icon_filter_on.png</icon>
					<visible>Container.Filtered + ![Window.IsVisible(TVChannels) | Window.IsVisible(RadioChannels) | Window.IsVisible(TVRecordings) | Window.IsVisible(RadioRecordings) | Window.IsVisible(TVTimers) | Window.IsVisible(RadioTimers) | Window.IsVisible(TVSearch) | Window.IsVisible(RadioSearch)]</visible>
				</item>
				<item>
					<label>587</label>
					<onclick>SendClick(31)</onclick>
					<icon>icon_filter.png</icon>
					<visible>Window.IsVisible(TVChannels) | Window.IsVisible(RadioChannels)</visible>
				</item>
				<item>
					<label>31202</label>
					<onclick condition="![Window.IsVisible(TVGuide) | Window.IsVisible(RadioGuide)]">Container.NextViewMode</onclick>
					<onclick condition="Window.IsVisible(TVGuide) | Window.IsVisible(RadioGuide)">SendClick(2)</onclick>
					<icon>icon_view.png</icon>
					<visible>![Window.IsVisible(TVChannels) | Window.IsVisible(RadioChannels) | Window.IsVisible(TVRecordings) | Window.IsVisible(RadioRecordings) | Window.IsVisible(TVTimers) | Window.IsVisible(RadioTimers) | Window.IsVisible(TVSearch) | Window.IsVisible(RadioSearch)]</visible>
				</item>
				<item>
					<label>31200</label>
					<onclick>ParentDir</onclick>
					<icon>icon_back.png</icon>
				</item>
				<item>
					<label>1036</label>
					<onclick>ActivateWindow(Favourites)</onclick>
					<icon>icon_favourites.png</icon>
				</item>
			</content>
		</control>
	</include>
	<include name="SubMenuCommonLayout">
		<animation effect="fade" start="100" end="0" time="300" condition="Window.Next(Home)">WindowClose</animation>
		<animation effect="fade" end="100" start="0" time="300" condition="Window.Previous(Home)">WindowOpen</animation>
		<animation effect="slide" start="0,0" end="132,0" time="0" condition="StringCompare(Container(9002).NumItems,5)">conditional</animation>
		<animation effect="slide" start="0,0" end="264,0" time="0" condition="StringCompare(Container(9002).NumItems,4)">conditional</animation>
		<animation effect="slide" start="0,0" end="396,0" time="0" condition="StringCompare(Container(9002).NumItems,3)">conditional</animation>
		<animation effect="slide" start="0,0" end="528,0" time="0" condition="StringCompare(Container(9002).NumItems,2)">conditional</animation>
		<animation effect="slide" start="0,0" end="660,0" time="0" condition="StringCompare(Container(9002).NumItems,1)">conditional</animation>
		<posx>802r</posx>
		<posy>95r</posy>
		<width>802</width>
		<height>120</height>
		<onleft>9002</onleft>
		<onright>9002</onright>
		<onup>9001</onup>
		<ondown>20</ondown>
		<pagecontrol>-</pagecontrol>
		<scrolltime>300</scrolltime>
		<orientation>Horizontal</orientation>
		<itemlayout height="200" width="132">
			<control type="image">
				<posx>26</posx>
				<posy>80</posy>
				<width>80</width>
				<height>40</height>
				<texture border="5">IconBack_reflect.png</texture>
			</control>
			<control type="image">
				<posx>26</posx>
				<posy>0</posy>
				<width>80</width>
				<height>80</height>
				<bordertexture border="5">IconBack.png</bordertexture>
				<bordersize>12</bordersize>
				<texture>$INFO[ListItem.Icon]</texture>
				<aspectratio>keep</aspectratio>
			</control>
		</itemlayout>
		<focusedlayout height="200" width="132">
			<control type="image">
				<posx>26</posx>
				<posy>80</posy>
				<width>80</width>
				<height>40</height>
				<texture border="5">IconBack_reflect.png</texture>
			</control>
			<control type="image">
				<posx>26</posx>
				<posy>0</posy>
				<width>80</width>
				<height>80</height>
				<bordertexture border="5">IconBack-focus.png</bordertexture>
				<bordersize>12</bordersize>
				<texture>$INFO[ListItem.Icon]</texture>
				<aspectratio>keep</aspectratio>
			</control>
		</focusedlayout>
	</include>
	<include name="ButtonHomeSubCommonValues">
		<height>50</height>
		<width>200</width>
		<textwidth>190</textwidth>
		<align>center</align>
		<aligny>center</aligny>
		<font>font12</font>
		<textcolor>grey2</textcolor>
		<focusedcolor>white</focusedcolor>
		<texturefocus border="5">HomeSubFO.png</texturefocus>
		<texturenofocus border="5">HomeSubNF.png</texturenofocus>
		<pulseonselect>false</pulseonselect>
		<textureradioonfocus>HomeTab-focus.png</textureradioonfocus>
		<textureradioonnofocus>HomeTab-focus.png</textureradioonnofocus>
		<textureradioofffocus>-</textureradioofffocus>
		<textureradiooffnofocus>-</textureradiooffnofocus>
		<radioposx>5</radioposx>
		<radioposy>43</radioposy>
		<radiowidth>190</radiowidth>
		<radioheight>5</radioheight>
	</include>
	<include name="ButtonCommonValues2">
		<height>60</height>
		<width>298</width>
		<textoffsetx>10</textoffsetx>
		<textwidth>280</textwidth>
		<textcolor>black</textcolor>
		<align>left</align>
		<aligny>center</aligny>
		<font>font13</font>
		<texturefocus>button-focus2.png</texturefocus>
		<texturenofocus>button-nofocus.png</texturenofocus>
		<pulseonselect>false</pulseonselect>
	</include>
	<include name="MenuButtonCommonValues">
		<height>60</height>
		<width>348</width>
		<textoffsetx>10</textoffsetx>
		<textwidth>330</textwidth>
		<textcolor>black</textcolor>
		<align>left</align>
		<aligny>center</aligny>
		<font>font13</font>
		<texturefocus>button-focus2.png</texturefocus>
		<texturenofocus>button-nofocus.png</texturenofocus>
		<pulseonselect>false</pulseonselect>
	</include>
	<include name="ButtonInfoDialogsCommonValues">
		<height>50</height>
		<width>158</width>
		<align>center</align>
		<aligny>center</aligny>
		<font>font12_title</font>
		<texturefocus border="5">IconBack-focus.png</texturefocus>
		<texturenofocus border="5">ListNF.png</texturenofocus>
		<pulseonselect>false</pulseonselect>
	</include>
	<include name="CommonNowPlaying">
		<control type="group">
			<posx>100</posx>
			<posy>20</posy>
			<visible>Player.HasMedia + !Window.IsVisible(PlayerControls)</visible>
			<include>VisibleFadeEffect</include>
			<control type="button">
				<posx>0</posx>
				<posy>0</posy>
				<width>BackgroundWidth</width>
				<height>77</height>
				<texturefocus border="8">IconBack.png</texturefocus>
				<texturenofocus border="8">IconBack.png</texturenofocus>
				<onclick>ActivateWindow(PlayerControls)</onclick>
			</control>
			<control type="fadelabel">
				<posx>10</posx>
				<posy>10</posy>
				<width>LabelWidth</width>
				<height>15</height>
				<scrollout>false</scrollout>
				<pauseatend>3000</pauseatend>
				<label>$LOCALIZE[31040]</label>
				<align>center</align>
				<aligny>center</aligny>
				<font>font12_title</font>
				<textcolor>black</textcolor>
				<visible>!Player.Paused</visible>
			</control>
			<control type="fadelabel">
				<posx>10</posx>
				<posy>10</posy>
				<width>LabelWidth</width>
				<height>15</height>
				<scrollout>false</scrollout>
				<pauseatend>3000</pauseatend>
				<label>$LOCALIZE[31043]</label>
				<align>center</align>
				<aligny>center</aligny>
				<font>font12_title</font>
				<textcolor>black</textcolor>
				<visible>Player.Paused</visible>
			</control>
			<control type="fadelabel">
				<posx>10</posx>
				<posy>30</posy>
				<width>LabelWidth</width>
				<height>20</height>
				<scrollout>false</scrollout>
				<pauseatend>3000</pauseatend>
				<label>[B]$INFO[MusicPlayer.Title]$INFO[VideoPlayer.Title][/B]</label>
				<align>center</align>
				<aligny>center</aligny>
				<font>font13</font>
				<textcolor>black</textcolor>
			</control>
			<control type="fadelabel">
				<posx>10</posx>
				<posy>55</posy>
				<width>LabelWidth</width>
				<height>15</height>
				<scrollout>false</scrollout>
				<pauseatend>3000</pauseatend>
				<label>[B]$INFO[MusicPlayer.Artist][/B]</label>
				<label>[B]$INFO[MusicPlayer.Album][/B]</label>
				<align>center</align>
				<aligny>center</aligny>
				<font>font13</font>
				<textcolor>black</textcolor>
				<visible>Player.HasAudio</visible>
			</control>
			<control type="fadelabel">
				<posx>10</posx>
				<posy>55</posy>
				<width>LabelWidth</width>
				<height>15</height>
				<scrollout>false</scrollout>
				<pauseatend>3000</pauseatend>
				<label>[B]$INFO[VideoPlayer.Studio][/B]</label>
				<align>center</align>
				<aligny>center</aligny>
				<font>font13</font>
				<textcolor>black</textcolor>
				<visible>Player.HasVideo + VideoPlayer.Content(Movies)</visible>
			</control>
			<control type="fadelabel">
				<posx>10</posx>
				<posy>55</posy>
				<width>LabelWidth</width>
				<height>15</height>
				<scrollout>false</scrollout>
				<pauseatend>3000</pauseatend>
				<label>[B]$INFO[VideoPlayer.TVShowTitle][/B]</label>
				<align>center</align>
				<aligny>center</aligny>
				<font>font13</font>
				<textcolor>black</textcolor>
				<visible>Player.HasVideo + VideoPlayer.Content(Episodes)</visible>
			</control>
			<control type="fadelabel">
				<posx>10</posx>
				<posy>55</posy>
				<width>LabelWidth</width>
				<height>15</height>
				<scrollout>false</scrollout>
				<pauseatend>3000</pauseatend>
				<label>[B]$INFO[VideoPlayer.Artist][/B]</label>
				<align>center</align>
				<aligny>center</aligny>
				<font>font13</font>
				<textcolor>black</textcolor>
				<visible>Player.HasVideo + VideoPlayer.Content(MusicVideos)</visible>
			</control>
		</control>
	</include>
	<include name="ScrollOffsetLabel">
		<control type="group">
			<include>16x9_xPos_Relocation</include>
			<visible>Container.Scrolling + [StringCompare(Container.SortMethod,$LOCALIZE[551]) | StringCompare(Container.SortMethod,$LOCALIZE[561]) | StringCompare(Container.SortMethod,$LOCALIZE[558]) | StringCompare(Container.SortMethod,$LOCALIZE[557]) | StringCompare(Container.SortMethod,$LOCALIZE[556])]</visible>
			<animation effect="fade" time="100">Visible</animation>
			<animation effect="fade" time="300">Hidden</animation>
			<posx>600</posx>
			<posy>410</posy>
			<width>320</width>
			<control type="image">
				<posx>0</posx>
				<posy>0</posy>
				<width>80</width>
				<height>80</height>
				<texture border="5">IconBack.png</texture>
			</control>
			<control type="label">
				<posx>0</posx>
				<posy>0</posy>
				<width>80</width>
				<height>80</height>
				<align>center</align>
				<aligny>center</aligny>
				<label>[B]$INFO[ListItem.SortLetter][/B]</label>
				<textcolor>black</textcolor>
				<font>font30</font>
			</control>
		</control>
	</include>
	<include name="MediaBladeLeft">
		<control type="group">
			<animation effect="slide" start="0,0" end="-430,0" time="400" tween="quadratic" easing="out" condition="Window.Next(Settings) | Window.Next(Weather)">WindowClose</animation>
			<animation effect="slide" end="0,0" start="-430,0" time="400" tween="quadratic" easing="out" condition="Window.Previous(Settings) | Window.Next(Weather)">WindowOpen</animation>
			<animation effect="slide" start="0,0" end="-325,0" time="400" tween="quadratic" easing="out" condition="Window.IsVisible(Home) + ![Window.Next(Settings) | Window.Next(Weather)]">WindowClose</animation>
			<animation effect="slide" end="0,0" start="-325,0" time="400" tween="quadratic" easing="out" condition="Window.IsVisible(Home) + ![Window.Previous(Settings) | Window.Next(Weather)]">WindowOpen</animation>
			<animation effect="slide" start="0,0" end="325,0" time="400" tween="quadratic" easing="out" condition="Window.IsActive(Home)">Conditional</animation>
			<animation effect="slide" start="0,0" end="0,-55" time="0" tween="quadratic" easing="out" condition="Skin.HasSetting(ShowHomeButtonLiveTV)">Conditional</animation>
			<posx>-325</posx>
			<posy>20</posy>
			<control type="image">
				<posx>0</posx>
				<posy>0</posy>
				<width>430</width>
				<height>940</height>
				<texture border="0,0,18,0">HomeBlade.png</texture>
			</control>
			<control type="list" id="9000">
				<posx>0</posx>
				<posy>150</posy>
				<width>410</width>
				<height>771</height>
				<onleft>9000</onleft>
				<onright>1000</onright>
				<onup>10</onup>
				<ondown>10</ondown>
				<pagecontrol>-</pagecontrol>
				<scrolltime>300</scrolltime>
				<orientation>vertical</orientation>
				<itemlayout height="110" width="410">
					<control type="image">
						<posx>0</posx>
						<posy>-1</posy>
						<width>310</width>
						<height>2</height>
						<texture>HomeSeperator.png</texture>
					</control>
					<control type="image">
						<posx>0</posx>
						<posy>109</posy>
						<width>310</width>
						<height>2</height>
						<texture>HomeSeperator.png</texture>
					</control>
					<control type="image">
						<posx>330</posx>
						<posy>-1</posy>
						<width>80</width>
						<height>2</height>
						<texture>HomeSeperator.png</texture>
					</control>
					<control type="image">
						<posx>330</posx>
						<posy>109</posy>
						<width>80</width>
						<height>2</height>
						<texture>HomeSeperator.png</texture>
					</control>
					<control type="image">
						<posx>340</posx>
						<posy>10</posy>
						<width>60</width>
						<height>90</height>
						<texture>$INFO[ListItem.Icon]</texture>
						<aspectratio>keep</aspectratio>
					</control>
					<control type="label">
						<posx>0</posx>
						<posy>0</posy>
						<width>310</width>
						<height>110</height>
						<font>font30_title</font>
						<textcolor>white</textcolor>
						<align>right</align>
						<aligny>center</aligny>
						<label>[UPPERCASE]$INFO[ListItem.Label][/UPPERCASE]</label>
					</control>
				</itemlayout>
				<focusedlayout height="110" width="410">
					<control type="image">
						<posx>0</posx>
						<posy>-1</posy>
						<width>310</width>
						<height>2</height>
						<texture>HomeSeperator.png</texture>
					</control>
					<control type="image">
						<posx>0</posx>
						<posy>109</posy>
						<width>310</width>
						<height>2</height>
						<texture>HomeSeperator.png</texture>
					</control>
					<control type="image">
						<posx>330</posx>
						<posy>-1</posy>
						<width>80</width>
						<height>2</height>
						<texture>HomeSeperator.png</texture>
					</control>
					<control type="image">
						<posx>330</posx>
						<posy>109</posy>
						<width>80</width>
						<height>2</height>
						<texture>HomeSeperator.png</texture>
					</control>
					<control type="image">
						<posx>340</posx>
						<posy>10</posy>
						<width>60</width>
						<height>90</height>
						<texture>$INFO[ListItem.Icon]</texture>
						<aspectratio>keep</aspectratio>
					</control>
					<control type="label">
						<posx>0</posx>
						<posy>0</posy>
						<width>310</width>
						<height>110</height>
						<font>font30_title</font>
						<textcolor>white</textcolor>
						<align>right</align>
						<aligny>center</aligny>
						<label>[UPPERCASE]$INFO[ListItem.Label][/UPPERCASE]</label>
					</control>
				</focusedlayout>
				<content>
					<include>HomeMainMenuItems</include>
				</content>
			</control>
		</control>
	</include>
	
	
	<!--Fuck-->
	<include name="HomeMainMenuItems">
		<item id="1">
			<label>31556</label>
			<onclick>ActivateWindow(TVChannels)</onclick>
			<!--<icon>icon-livetv.png</icon>-->
			<icon>special://skin/background/icon-livetv.gif</icon>
			<thumb>-</thumb>
			<!--<visible>Skin.HasSetting(ShowHomeButtonLiveTV)</visible>-->
			<visible>!Skin.HasSetting(HideHomeButtonLiveTV)</visible>
		</item>
		
		<!--<item id="6">
			<label>1</label>
			<onclick>ActivateWindow(Pictures)</onclick>
			<icon>special://skin/background/icon-pictures.gif</icon>
			<thumb>-</thumb>
			<visible>!Skin.HasSetting(HideHomeButtonPictures)</visible>
		</item>-->

		<item id="6">
			<label>EPG</label>
			<onclick>ActivateWindow(TVGuide)</onclick>
			<icon>special://skin/background/icon-epg.png</icon>
			<thumb>-</thumb>
			<visible>!Skin.HasSetting(HideHomeButtonPictures)</visible>
		</item>	
		
		<item id="2">
			<label>3</label>
			<onclick condition="StringCompare(Window(Home).Property(VideosDirectLink),True)">ActivateWindow(Videos)</onclick>
			<onclick condition="!StringCompare(Window(Home).Property(VideosDirectLink),True)">ActivateWindow(Videos,root)</onclick>
			<!--<onclick>ClearProperty(VideosDirectLink,Home)</onclick>-->
			<onclick>ActivateWindow(Videos,Files)</onclick>
			<!--<icon>icon-videos.png</icon>-->
			<icon>special://skin/background/icon-videos.gif</icon>
			<thumb>-</thumb>
			<visible>!Skin.HasSetting(HideHomeButtonVideo)</visible>
		</item>
		
		<item id="3">
			<label>20342</label>
			<onclick>SetProperty(VideosDirectLink,True,Home)</onclick>
			<onclick>ActivateWindow(Videos,MovieTitles,Return)</onclick>
			<!--<icon>icon-movies.png</icon>-->
			<icon>special://skin/background/icon-movies.gif</icon>
			<thumb>-</thumb>
			<visible>Library.HasContent(Movies)</visible>
			<visible>!Skin.HasSetting(HideHomeButtonMovies)</visible>
		</item>
		
		<item id="4">
			<label>20343</label>
			<onclick>SetProperty(VideosDirectLink,True,Home)</onclick>
			<onclick>ActivateWindow(Videos,TVShowTitles,Return)</onclick>
			<!--<icon>icon-tv.png</icon>-->
			<icon>special://skin/background/icon-tv.gif</icon>
			<thumb>-</thumb>
			<visible>Library.HasContent(TVShows)</visible>
			<visible>!Skin.HasSetting(HideHomeButtonTVShows)</visible>
		</item>
		
		<item id="5">
			<label>2</label>
			<onclick>ActivateWindow(Music)</onclick>
			<!--<icon>icon-music.png</icon>-->
			<icon>special://skin/background/icon-music.gif</icon>
			<thumb>-</thumb>
			<visible>!Skin.HasSetting(HideHomeButtonMusic)</visible>
		</item>
		
		<item id="7">
			<label>0</label>
			<onclick>ActivateWindow(Programs,Addons,return)</onclick>
			<!--<icon>icon-programs.png</icon>-->
			<icon>special://skin/background/icon-programs.gif</icon>
			<thumb>-</thumb>
			<visible>!Skin.HasSetting(HideHomeButtonPrograms)</visible>
		</item>
	</include>
	
	
	
	
	<include name="KeyboardButton">
		<width>95</width>
		<height>80</height>
		<texturenofocus border="5">KeyboardKey.png</texturenofocus>
		<texturefocus border="5">KeyboardKeyFocus.png</texturefocus>
		<textcolor>black</textcolor>
		<font>font16</font>
		<align>center</align>
		<aligny>center</aligny>
	</include>
	<include name="DropdownMenu">
		<control type="group">
			<visible>Skin.HasSetting(MediaSubMenuVisible)</visible>
			<include>VisibleFadeEffect</include>
			<control type="button">
				<description>Hidden button to close the sort when its focused</description>
				<posx>0</posx>
				<posy>0</posy>
				<width>ScreenWidth</width>
				<height>ScreenHeight</height>
				<texturenofocus>-</texturenofocus>
				<texturefocus>-</texturefocus>
				<onclick>Skin.Reset(MediaSubMenuVisible)</onclick>
			</control>
			<control type="group">
				<posx>390r</posx>
				<posy>130</posy>
				<control type="image">
					<description>Shadow Background</description>
					<posx>-30</posx>
					<posy>-30</posy>
					<width>430</width>
					<height>$PARAM[SB]</height>
					<texture border="30">ShadowBorder.png</texture>
				</control>
				<control type="button">
					<description>Panel Background image</description>
					<posx>0</posx>
					<posy>0</posy>
					<width>370</width>
					<height>$PARAM[PB]</height>
					<texturefocus border="5">SubBack.png</texturefocus>
					<texturenofocus border="5">SubBack.png</texturenofocus>
					<onclick>noop</onclick>
				</control>
				<control type="image">
					<description>Panel Forground image</description>
					<posx>10</posx>
					<posy>9</posy>
					<width>350</width>
					<height>$PARAM[PF]</height>
					<texture border="5">SubBack2.png</texture>
				</control>
				<control type="image">
					<description>Panel Arrow image</description>
					<posx>320</posx>
					<posy>-34</posy>
					<width>40</width>
					<height>40</height>
					<texture>arrow-big-up.png</texture>
				</control>
				<control type="grouplist">
					<posx>11</posx>
					<posy>10</posy>
					<width>348</width>
					<height>450</height>
					<onleft>9000</onleft>
					<onright>50</onright>
					<onup>9000</onup>
					<ondown>9000</ondown>
					<itemgap>0</itemgap>
					<include condition="Window.IsVisible(AddonBrowser)">AddonsMenu</include>
					<include condition="Window.IsVisible(MusicLibrary)">MusicMenu</include>
					<include condition="Window.IsVisible(MusicFiles)">MusicFilesMenu</include>
					<include condition="Window.IsVisible(MusicPlaylist)">MusicPlaylistMenu</include>
					<include condition="Window.IsVisible(MusicPlaylistEditor)">MusicPlaylistEditorMenu</include>
					<include condition="Window.IsVisible(Pictures)">PicturesMenu</include>
					<include condition="Window.IsVisible(Programs)">ProgramsMenu</include>
					<include condition="Window.IsVisible(TVChannels) | Window.IsVisible(RadioChannels) | Window.IsVisible(TVGuide) | Window.IsVisible(RadioGuide) | Window.IsVisible(TVRecordings) | Window.IsVisible(RadioRecordings) | Window.IsVisible(TVTimers) | Window.IsVisible(RadioTimers) | Window.IsVisible(TVSearch) | Window.IsVisible(RadioSearch)">PVRMenu</include>
					<include condition="Window.IsVisible(PicturesSettings) | Window.IsVisible(ProgramsSettings) | Window.IsVisible(WeatherSettings) | Window.IsVisible(MusicSettings) | Window.IsVisible(SystemSettings) | Window.IsVisible(VideosSettings) | Window.IsVisible(ServiceSettings) | Window.IsVisible(AppearanceSettings)">SettingsMenu</include>
					<include condition="Window.IsVisible(VideoLibrary)">VideosMenu</include>
					<include condition="Window.IsVisible(VideoPlaylist)">VideoPlaylistMenu</include>
					<control type="image">
						<width>348</width>
						<height>10</height>
						<texture>shelf_shadow.png</texture>
					</control>
				</control>
			</control>
		</control>
	</include>
	<include name="AddonsMenu">
		<control type="button" id="3">
			<description>Sort by button</description>
			<include>MenuButtonCommonValues</include>
			<label>103</label>
		</control>
		<control type="togglebutton" id="4">
			<description>Sort asc</description>
			<include>MenuButtonCommonValues</include>
			<alttexturefocus>button-focus2.png</alttexturefocus>
			<alttexturenofocus>button-nofocus.png</alttexturenofocus>
			<label>31051</label>
			<altlabel>31050</altlabel>
			<usealttexture>Container.SortDirection(Ascending)</usealttexture>
		</control>
		<control type="button" id ="5">
			<description>addon-updates</description>
			<include>MenuButtonCommonValues</include>
			<label>24063</label>
		</control>
		<control type="button" id="9">
			<description>Check for updates</description>
			<include>MenuButtonCommonValues</include>
			<label>24034</label>
		</control>
		<control type="radiobutton" id ="6">
			<description>No notifications</description>
			<textwidth>240</textwidth>
			<include>MenuButtonCommonValues</include>
			<label>25000</label>
		</control>
		<control type="radiobutton" id="7">
			<description>Hide foreign</description>
			<textwidth>240</textwidth>
			<include>MenuButtonCommonValues</include>
			<label>25001</label>
		</control>
		<control type="radiobutton" id="8">
			<description>Hide broken</description>
			<textwidth>240</textwidth>
			<include>MenuButtonCommonValues</include>
			<label>24999</label>
		</control>
	</include>
	<include name="MusicMenu">
		<control type="button" id="3">
			<description>Sort by button</description>
			<include>MenuButtonCommonValues</include>
			<label>103</label>
		</control>
		<control type="togglebutton" id="4">
			<description>Sort asc</description>
			<include>MenuButtonCommonValues</include>
			<alttexturefocus>button-focus2.png</alttexturefocus>
			<alttexturenofocus>button-nofocus.png</alttexturenofocus>
			<label>31051</label>
			<altlabel>31050</altlabel>
			<usealttexture>Container.SortDirection(Ascending)</usealttexture>
		</control>
		<control type="radiobutton" id="99">
			<description>Library button</description>
			<textwidth>240</textwidth>
			<label>$LOCALIZE[29800]</label>
			<onclick>Skin.Reset(MediaSubMenuVisible)</onclick>
			<onclick>ReplaceWindow(MusicFiles)</onclick>
			<selected>Window.IsVisible(MusicLibrary)</selected>
			<include>MenuButtonCommonValues</include>
		</control>
		<control type="button" id="8">
			<description>Search</description>
			<include>MenuButtonCommonValues</include>
			<label>137</label>
		</control>
		<control type="togglebutton" id="20">
			<description>Update Library</description>
			<include>MenuButtonCommonValues</include>
			<alttexturefocus>button-focus2.png</alttexturefocus>
			<alttexturenofocus>button-nofocus.png</alttexturenofocus>
			<label>653</label>
			<altlabel>13353</altlabel>
			<usealttexture>library.isscanningmusic</usealttexture> 
		</control>
		<control type="radiobutton" id="16">
			<description>PartyMode</description>
			<textwidth>240</textwidth>
			<label>589</label>
			<include>MenuButtonCommonValues</include>
			<onclick>Skin.Reset(MediaSubMenuVisible)</onclick>
		</control>
		<control type="button" id="1467">
			<description>Current Playlist</description>
			<include>MenuButtonCommonValues</include>
			<label>13350</label>
			<onclick>ActivateWindow(musicplaylist)</onclick>
			<visible>!StringCompare(Playlist.Length(music),0)</visible>
		</control>
	</include>
	<include name="MusicFilesMenu">
		<control type="button" id="3">
			<description>Sort by button</description>
			<include>MenuButtonCommonValues</include>
			<label>103</label>
		</control>
		<control type="togglebutton" id="4">
			<description>Sort asc</description>
			<include>MenuButtonCommonValues</include>
			<alttexturefocus>button-focus2.png</alttexturefocus>
			<alttexturenofocus>button-nofocus.png</alttexturenofocus>
			<label>31051</label>
			<altlabel>31050</altlabel>
			<usealttexture>Container.SortDirection(Ascending)</usealttexture>
		</control>
		<control type="radiobutton" id="99">
			<description>Library button</description>
			<textwidth>240</textwidth>
			<label>$LOCALIZE[29800]</label>
			<onclick>Skin.Reset(MediaSubMenuVisible)</onclick>
			<onclick>ReplaceWindow(MusicLibrary)</onclick>
			<selected>Window.IsVisible(MusicLibrary)</selected>
			<include>MenuButtonCommonValues</include>
		</control>
		<control type="button" id="1467">
			<description>Current Playlist</description>
			<include>MenuButtonCommonValues</include>
			<label>13350</label>
			<onclick>ActivateWindow(musicplaylist)</onclick>
			<visible>!StringCompare(Playlist.Length(music),0)</visible>
		</control>
	</include>
	<include name="MusicPlaylistMenu">
		<control type="radiobutton" id="20">
			<description>Shuffle button</description>
			<textwidth>240</textwidth>
			<include>MenuButtonCommonValues</include>
			<label>191</label>
		</control>
		<control type="button" id="26">
			<description>Repeat button</description>
			<include>MenuButtonCommonValues</include>
			<label>-</label>
		</control>
		<control type="button" id="21">
			<description>Save button</description>
			<label>190</label>
			<include>MenuButtonCommonValues</include>
		</control>
		<control type="button" id="22">
			<description>Clear button</description>
			<label>192</label>
			<include>MenuButtonCommonValues</include>
		</control>
	</include>
	<include name="MusicPlaylistEditorMenu">
		<control type="button" id="6">
			<label>31055</label>
			<include>MenuButtonCommonValues</include>
		</control>
		<control type="button" id="7">
			<description>Save Button</description>
			<label>31056</label>
			<include>MenuButtonCommonValues</include>
			<onleft>50</onleft>
		</control>
		<control type="button" id="8">
			<description>Clear button</description>
			<label>31057</label>
			<include>MenuButtonCommonValues</include>
		</control>
	</include>
	<include name="PicturesMenu">
		<control type="button" id="3">
			<description>Sort by button</description>
			<include>MenuButtonCommonValues</include>
			<label>103</label>
		</control>
		<control type="togglebutton" id="4">
			<description>Sort asc</description>
			<include>MenuButtonCommonValues</include>
			<alttexturefocus>button-focus2.png</alttexturefocus>
			<alttexturenofocus>button-nofocus.png</alttexturenofocus>
			<label>31051</label>
			<altlabel>31050</altlabel>
			<usealttexture>Container.SortDirection(Ascending)</usealttexture>
		</control>
		<control type="button" id="6">
			<description>Slideshow</description>
			<include>MenuButtonCommonValues</include>
			<label>108</label>
			<onclick>Skin.Reset(MediaSubMenuVisible)</onclick>
		</control>
		<control type="button" id="7">
			<description>Recersive Slideshow</description>
			<include>MenuButtonCommonValues</include>
			<label>361</label>
			<onclick>Skin.Reset(MediaSubMenuVisible)</onclick>
		</control>
		<control type="radiobutton" id="9">
			<description>Randomize Toggle</description>
			<textwidth>240</textwidth>
			<include>MenuButtonCommonValues</include>
			<label>13319</label>
		</control>
	</include>
	<include name="ProgramsMenu">
		<control type="button" id="3">
			<description>Sort by button</description>
			<include>MenuButtonCommonValues</include>
			<label>103</label>
		</control>
		<control type="togglebutton" id="4">
			<description>Sort asc</description>
			<include>MenuButtonCommonValues</include>
			<alttexturefocus>button-focus2.png</alttexturefocus>
			<alttexturenofocus>button-nofocus.png</alttexturenofocus>
			<label>31051</label>
			<altlabel>31050</altlabel>
			<usealttexture>Container.SortDirection(Ascending)</usealttexture>
		</control>
	</include>
	<include name="PVRMenu">
		<control type="button" id="201">
			<include>MenuButtonCommonValues</include>
			<label>19019</label>
			<onclick condition="Window.IsVisible(TVChannels) | Window.IsVisible(RadioChannels)">NextChannelGroup</onclick>
			<onclick condition="IsEmpty(Window.Property(IsRadio))">ReplaceWindow(TVChannels)</onclick>
			<onclick condition="!IsEmpty(Window.Property(IsRadio))">ReplaceWindow(RadioChannels)</onclick>
		</control>
		<control type="button" id="202">
			<include>MenuButtonCommonValues</include>
			<label>22020</label>
			<onclick condition="Window.IsVisible(TVGuide) | Window.IsVisible(RadioGuide)">NextChannelGroup</onclick>
			<onclick condition="IsEmpty(Window.Property(IsRadio))">ReplaceWindow(TVGuide)</onclick>
			<onclick condition="!IsEmpty(Window.Property(IsRadio))">ReplaceWindow(RadioGuide)</onclick>
		</control>
		<control type="button" id="203">
			<include>MenuButtonCommonValues</include>
			<label>19163</label>
			<onclick condition="IsEmpty(Window.Property(IsRadio))">ReplaceWindow(TVRecordings)</onclick>
			<onclick condition="!IsEmpty(Window.Property(IsRadio))">ReplaceWindow(RadioRecordings)</onclick>
		</control>
		<control type="button" id="204">
			<include>MenuButtonCommonValues</include>
			<label>19040</label>
			<onclick condition="IsEmpty(Window.Property(IsRadio))">ReplaceWindow(TVTimers)</onclick>
			<onclick condition="!IsEmpty(Window.Property(IsRadio))">ReplaceWindow(RadioTimers)</onclick>
		</control>
		<control type="button" id="205">
			<include>MenuButtonCommonValues</include>
			<label>137</label>
			<onclick condition="IsEmpty(Window.Property(IsRadio))">ReplaceWindow(TVSearch)</onclick>
			<onclick condition="!IsEmpty(Window.Property(IsRadio))">ReplaceWindow(RadioSearch)</onclick>
		</control>
		<control type="button" id="206">
			<include>MenuButtonCommonValues</include>
			<label>$VAR[PVRSwitch]</label>
			<onclick condition="IsEmpty(Window.Property(IsRadio))">ReplaceWindow(RadioChannels)</onclick>
			<onclick condition="!IsEmpty(Window.Property(IsRadio))">ReplaceWindow(TVChannels)</onclick>
		</control>
		<control type="radiobutton" id="6">
			<textwidth>240</textwidth>
			<include>MenuButtonCommonValues</include>
			<label>31564</label>
			<visible>Window.IsVisible(TVChannels) | Window.IsVisible(RadioChannels)</visible>
		</control>
		<control type="radiobutton" id="7">
			<textwidth>240</textwidth>
			<include>MenuButtonCommonValues</include>
			<label>31565</label>
			<visible>Window.IsVisible(TVRecordings) | Window.IsVisible(RadioRecordings)</visible>
		</control>
	</include>
	<include name="SettingsMenu">
		<control type="button" id="20">
			<description>Settings level button</description>
			<include>MenuButtonCommonValues</include>
			<label>10037</label>
			<onclick>settingslevelchange</onclick>
		</control>
		<control type="button" id="21">
			<description>Settings reset button</description>
			<include>MenuButtonCommonValues</include>
			<label>10035</label>
			<onclick>settingsreset</onclick>
		</control>
	</include>
	<include name="VideosMenu">
		<control type="button" id="3">
			<description>Sort by button</description>
			<include>MenuButtonCommonValues</include>
			<label>103</label>
		</control>
		<control type="togglebutton" id="4">
			<description>Sort asc</description>
			<include>MenuButtonCommonValues</include>
			<alttexturefocus>button-focus2.png</alttexturefocus>
			<alttexturenofocus>button-nofocus.png</alttexturenofocus>
			<label>31051</label>
			<altlabel>31050</altlabel>
			<usealttexture>Container.SortDirection(Ascending)</usealttexture>
		</control>
		<control type="radiobutton" id="1466">
			<description>Watched Toggle</description>
			<textwidth>240</textwidth>
			<include>MenuButtonCommonValues</include>
			<label>20367</label>
		</control>
		<control type="button" id="8">
			<description>Search</description>
			<include>MenuButtonCommonValues</include>
			<label>137</label>
		</control>
		<control type="togglebutton" id="20">
			<description>Update Library</description>
			<include>MenuButtonCommonValues</include>
			<alttexturefocus>button-focus2.png</alttexturefocus>
			<alttexturenofocus>button-nofocus.png</alttexturenofocus>
			<label>653</label>
			<altlabel>13353</altlabel>
			<usealttexture>library.isscanningvideo</usealttexture> 
		</control>
		<control type="radiobutton" id="16">
			<description>PartyMode</description>
			<textwidth>240</textwidth>
			<label>589</label>
			<include>MenuButtonCommonValues</include>
			<visible>Library.HasContent(MusicVideos)</visible>
		</control>
		<control type="button" id="1467">
			<description>Current Playlist</description>
			<include>MenuButtonCommonValues</include>
			<label>13350</label>
			<onclick>ActivateWindow(videoplaylist)</onclick>
			<visible>!StringCompare(Playlist.Length(video),0)</visible>
		</control>
	</include>
	<include name="VideoPlaylistMenu">
		<control type="radiobutton" id="20">
			<description>Shuffle button</description>
			<textwidth>240</textwidth>
			<include>MenuButtonCommonValues</include>
			<label>191</label>
		</control>
		<control type="button" id="26">
			<description>Repeat button</description>
			<include>MenuButtonCommonValues</include>
			<label>-</label>
		</control>
		<control type="button" id="21">
			<description>Save button</description>
			<label>190</label>
			<include>MenuButtonCommonValues</include>
		</control>
		<control type="button" id="22">
			<description>Clear button</description>
			<label>192</label>
			<include>MenuButtonCommonValues</include>
		</control>
	</include>
	<include name="16x9_xPos_Relocation">
		<animation effect="slide" start="0,0" end="16x9Offset,0" time="0" condition="true">conditional</animation>
	</include>
	<include name="Window_OpenClose_Animation">
		<animation effect="fade" time="250">WindowOpen</animation>
		<animation effect="fade" time="250">WindowClose</animation>
	</include>
	<include name="Window_OpenClose_Animation_Zoom">
		<animation type="WindowOpen" reversible="false">
			<effect type="zoom" start="80" end="100" center="640,480" easing="out" tween="back" time="300" />
			<effect type="fade" start="0" end="100" time="300" />
		</animation>
		<animation type="WindowClose" reversible="false">
			<effect type="zoom" start="100" end="80" center="640,480" easing="in" tween="back" time="300" />
			<effect type="fade" start="100" end="0" time="300" />
		</animation>
	</include>
	<include name="dialogeffect">
		<animation effect="fade" time="250">WindowOpen</animation>
		<animation effect="fade" time="250">WindowClose</animation>
	</include>
	<include name="VisibleFadeEffect">
		<animation effect="fade" time="300">Visible</animation>
		<animation effect="fade" time="300">Hidden</animation>
	</include>
</includes>
