<?xml version="1.0" encoding="UTF-8" standalone="yes"?>
<addon id="repository.digipro" name="[COLOR lightblue]DigiPro[/COLOR] [COLOR lightwhite]Repository[/COLOR]" version="1.0.3" provider-name="digipro">
	<extension point="xbmc.addon.repository" name=" [COLOR blue]Digipro[/COLOR] Repository">
		<info compressed="false">https://raw.githubusercontent.com/htpcforall/digipro/master/_repo/addons.xml</info>
		<checksum>https://raw.githubusercontent.com/htpcforall/digipro/master/_repo/addons.xml.md5</checksum>
		<datadir zip="true">https://raw.githubusercontent.com/htpcforall/digipro/master/_repo</datadir>
	</extension>
	<extension point="xbmc.addon.metadata">
		<summary>DigiPro Repository</summary>
		<description>Download and install add-ons from DigiPro repository.</description>
		<disclaimer>The owners and submitters to this repository do not host or distribute any of the content displayed by these addons nor do they have any affiliation with the content providers.</disclaimer>
		<platform>all</platform>
	</extension>
</addon>