<?xml version="1.0" encoding="utf-8" ?>
<window type="dialog">
    <allowoverlay>no</allowoverlay>
    <defaultcontrol always="false">4000</defaultcontrol>
    <coordinates>
        <system>1</system>
        <!--<posx>870</posx>
		<posy>258</posy>-->

        <posx>870</posx>
        <posy>248</posy>

    </coordinates>
    <animation effect="slide" start="280,0" end="0,0" time="250">WindowOpen</animation>
    <animation effect="slide" start="0,0" end="280,0" time="250">WindowClose</animation>
    <controls>

        <control type="image">
            <posx>90</posx>
            <posy>0</posy>
            <!--<width>513</width>
            <height>451</height>-->
            <width>313</width>
            <height>451</height>
            <texture>tvguide-menu-bkgrd.png</texture>
        </control>

        <control type="image" id="4100">
            <posx>170</posx>
            <posy>375</posy>
            <width>150</width>
            <height>80</height>
            <aspectratio>keep</aspectratio>
        </control>
        <control type="label" id="4101">
            <posx>20</posx>
            <posy>50</posy>
            <width>240</width>
            <height>30</height>
            <align>center</align>
            <aligny>center</aligny>
            <font>osdTitle</font>
            <textcolor>ffffffff</textcolor>
        </control>

        <control type="button" id="4000">
            <!-- watch -->
            <posx>100</posx>
            <posy>10</posy>
            <width>300</width>
            <height>30</height>
            <texturefocus>tvguide-program-menu-focus.png</texturefocus>
            <texturenofocus>tvguide-program-grey2.png</texturenofocus>
            <!--<texturefocus>menu button-focus.png</texturefocus>
            <texturenofocus>menu button.png</texturenofocus>-->
            <onup>4101</onup>
            <ondown>4002</ondown>
            <align>center</align>
            <aligny>center</aligny>
            <font>font13</font>
            <textcolor>ffffffff</textcolor>
        </control>

        <control type="label" id="4102">
            <!-- Show Title -->
            <posx>100</posx>
            <posy>40</posy>
            <width>300</width>
            <height>30</height>
            <texturefocus>menu button-focus.png</texturefocus>
            <texturenofocus>menu button.png</texturenofocus>
            <align>center</align>
            <aligny>center</aligny>
            <font>tvg_font13</font>
            <textcolor>ffffffff</textcolor>
        </control>


        <control type="button" id="4001">
            <!-- Choose Stream -->
            <posx>130</posx>
            <posy>90</posy>
            <width>240</width>
            <height>50</height>
            <texturefocus>menu button-focus.png</texturefocus>
            <texturenofocus>menu button.png</texturenofocus>
            <onup>80004</onup>
            <ondown>4003</ondown>
            <align>center</align>
            <aligny>center</aligny>
            <font>tvg_font13</font>
            <textcolor>ffffffff</textcolor>
            <label>$ADDON[Andy.plugin.program.Guide 30304]</label>
            <!--WindowClose-->
        </control>
        <control type="image">
            <posx>130</posx>
            <posy>100</posy>
            <width>28</width>
            <height>28</height>
            <texture>choose.png</texture>
        </control>

        <!-- Addon1 up and down -->
        <!--
        <control type="button" id="80000">
            <posx>130</posx>
            <posy>160</posy>
            <width>240</width>
            <height>30</height>
            <texturefocus>menu button-focus.png</texturefocus>
            <texturenofocus>menu button.png</texturenofocus>
            <onup>4002</onup>
            <ondown>80001</ondown>
            <align>center</align>
            <aligny>center</aligny>
            <font>font13</font>
            <textcolor>ffffffff</textcolor>
            <label>$ADDON[Andy.plugin.program.Guide 80000]</label>
        </control>
        <control type="image">
            <posx>130</posx>
            <posy>160</posy>
            <width>28</width>
            <height>28</height>
            <texture>addon.png</texture>
        </control>
        -->

        <!-- Addon2 -->
        <!--
        <control type="button" id="80001">
            <posx>130</posx>
            <posy>190</posy>
            <width>240</width>
            <height>30</height>
            <texturefocus>menu button-focus.png</texturefocus>
            <texturenofocus>menu button.png</texturenofocus>
            <onup>80000</onup>
            <ondown>80002</ondown>
            <align>center</align>
            <aligny>center</aligny>
            <font>font13</font>
            <textcolor>ffffffff</textcolor>
            <label>$ADDON[Andy.plugin.program.Guide 80001]</label>
        </control>
        <control type="image">
            <posx>130</posx>
            <posy>190</posy>
            <width>28</width>
            <height>28</height>
            <texture>addon.png</texture>
        </control>
        -->


        <!-- Addon3 -->
        <!--
        <control type="button" id="80002">
            <posx>130</posx>
            <posy>220</posy>
            <width>240</width>
            <height>30</height>
            <texturefocus>menu button-focus.png</texturefocus>
            <texturenofocus>menu button.png</texturenofocus>
            <onup>80001</onup>
            <ondown>80003</ondown>
            <align>center</align>
            <aligny>center</aligny>
            <font>font13</font>
            <textcolor>ffffffff</textcolor>
            <label>$ADDON[Andy.plugin.program.Guide 80002]</label>
        </control>
        <control type="image">
            <posx>130</posx>
            <posy>220</posy>
            <width>28</width>
            <height>28</height>
            <texture>addon.png</texture>
        </control>
        -->
  

          <!-- first row -->
          

        <!-- Addon1 -->
        <control type="button" id="30010">
            <posx>130</posx>
            <posy>160</posy>
            <width>30</width>
            <height>30</height>
            <!--<texturefocus>menu button-focus.png</texturefocus>
            <texturenofocus>menu button.png</texturenofocus>-->
            <onup>4002</onup>
            <ondown>80001</ondown>
            <align>center</align>
            <aligny>center</aligny>
            <font>font13</font>
            <textcolor>ffffffff</textcolor>
            <label>#1</label>
        </control>
        <control type="image">
            <posx>130</posx>
            <posy>160</posy>
            <width>30</width>
            <height>30</height>
            <texture>iptv1.png</texture>
        </control>

        <!-- Addon2 -->
        <control type="button" id="30011">
            <posx>180</posx>
            <posy>160</posy>
            <width>30</width>
            <height>30</height>
            <!--<texturefocus>menu button-focus.png</texturefocus>
            <texturenofocus>menu button.png</texturenofocus>-->
            <onup>80000</onup>
            <ondown>80002</ondown>
            <align>center</align>
            <aligny>center</aligny>
            <font>font13</font>
            <textcolor>ffffffff</textcolor>
            <label>#2</label>
        </control>
        <control type="image">
            <posx>180</posx>
            <posy>160</posy>
            <width>30</width>
            <height>30</height>
            <texture>iptv2.png</texture>
        </control>

        <!-- Addon3 -->
        <control type="button" id="30012">
            <posx>230</posx>
            <posy>160</posy>
            <width>30</width>
            <height>30</height>
            <!--<texturefocus>menu button-focus.png</texturefocus>
            <texturenofocus>menu button.png</texturenofocus>-->
            <onup>80001</onup>
            <ondown>80003</ondown>
            <align>center</align>
            <aligny>center</aligny>
            <font>font13</font>
            <textcolor>ffffffff</textcolor>
            <label>#3</label>
        </control>
        <control type="image">
            <posx>230</posx>
            <posy>160</posy>
            <width>30</width>
            <height>30</height>
            <texture>iptv3.png</texture>
        </control>


        <!-- Addon4 ibrod -->
        <control type="button" id="30020">
            <posx>280</posx>
            <posy>160</posy>
            <width>30</width>
            <height>30</height>
            <!--<texturefocus>menu button-focus.png</texturefocus>
            <texturenofocus>menu button.png</texturenofocus>-->
            <onup>80001</onup>
            <ondown>80003</ondown>
            <align>center</align>
            <aligny>center</aligny>
            <font>font13</font>
            <textcolor>ffffffff</textcolor>
            <label>1</label>
            <!--<onclick>ActivateWindow(10025,&quot;plugin://plugin.video.VidTime/?mode=&quot;,return)</onclick>-->
            <onclick>ActivateWindow(10025,&quot;plugin://plugin.video.VidTime/?mode=USTV%20RIGHT%20NOW&quot;,return)</onclick>  
        </control>
        <control type="image">
            <posx>280</posx>
            <posy>160</posy>
            <width>30</width>
            <height>30</height>
           <texture>special://home/addons/plugin.video.VidTime/icon.png</texture>
        </control>

        <!-- Addon 5 shadownet -->
        <control type="button" id="30021">
            <posx>330</posx>
            <posy>160</posy>
            <width>30</width>
            <height>30</height>
            <texturefocus>menu button-focus.png</texturefocus>
            <texturenofocus>menu button.png</texturenofocus>
            <onup>80003</onup>
            <ondown>80003</ondown>
            <align>center</align>
            <aligny>center</aligny>
            <font>font13</font>
            <textcolor>ffffffff</textcolor>
            <label>2</label>
            <!--<onclick>PlayMedia(&quot;plugin://plugin.video.ProjectCypher/?url=plugin%3A%2F%2Fplugin.video.youtube%2Fplay%2F%3Fvideo_id%3DRDfjXj5EGqI&amp;mode=12&quot;)</onclick>-->
            <onclick>PlayMedia(&quot;plugin://plugin.video.youtube/play/?video_id=ABchBDajyw8&quot;)</onclick>
        </control>
        <control type="image">
            <posx>330</posx>
            <posy>160</posy>
            <width>30</width>
            <height>30</height>
            <texture>fire.png</texture>
        </control>



  
  
          <!-- second row -->
  
         <!-- Row 2 addons  -->
         <control type="button" id="30030">
            <description>PVR</description>
            <posx>130</posx>
            <posy>205</posy>
            <width>40</width>
            <height>40</height>
            <onup>80000</onup>
            <ondown>80002</ondown>
            <align>center</align>
            <aligny>center</aligny>
<visible>PVR.HasTVChannels</visible>
            <onclick>ActivateWindow(TVChannels)</onclick>
            <texturefocus>icon-pvr.png</texturefocus>
            <texturenofocus>icon-pvr.png</texturenofocus>
        </control>
        <!--
        <control type="image">
            <posx>130</posx>
            <posy>205</posy>
            <width>40</width>
            <height>40</height>
            <texture>addon.png</texture>
        </control>
         --<
         
         <!-- Row 2 addons 2 -->
         <control type="button" id="30031">
            <description>VideoAddon</description>
            <posx>180</posx>
            <posy>205</posy>
            <width>40</width>
            <height>40</height>
            <onup>80000</onup>
            <ondown>80002</ondown>
            <align>center</align>
            <aligny>center</aligny>
            <texturefocus>icon-tv.png</texturefocus>
            <texturenofocus>icon-tv.png</texturenofocus>
            <onclick>ActivateWindow(Videos, Addons, return)</onclick>
        </control>
        <!--
        <control type="image">
            <posx>180</posx>
            <posy>205</posy>
            <width>40</width>
            <height>40</height>
            <texture>addon.png</texture>
        </control>
        -->
        
         <!-- Row 2 addons 3 -->
         <control type="button" id="30032">
            <description>ProgramsAddon</description>
            <posx>230</posx>
            <posy>205</posy>
            <width>40</width>
            <height>40</height>
            <onup>80000</onup>
            <ondown>80002</ondown>
            <align>center</align>
            <aligny>center</aligny>
            <texturefocus>icon-programs.png</texturefocus>
            <texturenofocus>icon-programs.png</texturenofocus>
            <onclick>ActivateWindow(Programs, Addons, return)</onclick>
        </control>
        <!--
        <control type="image">
            <posx>230</posx>
            <posy>205</posy>
            <width>40</width>
            <height>40</height>
            <texture>addon.png</texture>
        </control>
        -->
        
         <!-- Row 2 addons 4 Clean Cache -->
         <control type="button" id="30033">
            <description>Clean Cache</description>
            <posx>280</posx>
            <posy>205</posy>
            <width>40</width>
            <height>40</height>
            <onup>80000</onup>
            <ondown>80002</ondown>
            <align>center</align>
            <aligny>center</aligny>
            <onclick>RunScript(special://home/addons/Andy.plugin.program.Guide/resources/Clear_Cache.py)</onclick>
            <texturefocus>clean.png</texturefocus>
            <texturenofocus>clean.png</texturenofocus>
        </control>
        <!--
        <control type="image">
            <posx>280</posx>
            <posy>205</posy>
            <width>40</width>
            <height>40</height>
            <texture>addon.png</texture>
        </control>
        -->
        
         <!-- Row 2 addons 5 settings -->
         <control type="button" id="30034">
            <description>Settings</description>
            <posx>330</posx>
            <posy>205</posy>
            <width>40</width>
            <height>40</height>
            <onup>80002</onup>
            <ondown>80002</ondown>
            <align>center</align>
            <aligny>center</aligny>
            <texturefocus>icon_settings.png</texturefocus>
            <texturenofocus>icon_settings.png</texturenofocus>
            <onclick>Addon.OpenSettings(Andy.plugin.program.Guide)</onclick>
        </control>
        <!--
        <control type="image">
            <posx>330</posx>
            <posy>205</posy>
            <width>40</width>
            <height>40</height>
            <texture>addon.png</texture>
        </control>
        -->
 
 

        <control type="button" id="30035">
            <!-- SuperFavs -->
            <posx>130</posx>
            <posy>250</posy>
            <width>120</width>
            <height>30</height>
            <texturefocus>menu button-focus.png</texturefocus>
            <texturenofocus>menu button.png</texturenofocus>
            <onup>80003</onup>
            <ondown>80005</ondown>
            <align>center</align>
            <aligny>center</aligny>
            <font>font13</font>
            <textcolor>ffffffff</textcolor>
            <!--<label>$ADDON[Andy.plugin.program.Guide 80004]</label>-->
            <label>Super</label>
            <onclick>RunAddon(plugin.program.super.favourites)</onclick>
        </control>
        <control type="image">
            <posx>130</posx>
            <posy>250</posy>
            <width>28</width>
            <height>28</height>
            <texture>super.png</texture>
        </control>
 
  

        <control type="button" id="30036">
            <!-- Favs -->
            <posx>250</posx>
            <posy>250</posy>
            <width>120</width>
            <height>30</height>
            <texturefocus>menu button-focus.png</texturefocus>
            <texturenofocus>menu button.png</texturenofocus>
            <onup>80003</onup>
            <ondown>4001</ondown>
            <align>center</align>
            <aligny>center</aligny>
            <font>font13</font>
            <textcolor>ffffffff</textcolor>
            <!--<label>$ADDON[Andy.plugin.program.Guide 80005]</label>-->
            <label>Favourites</label>
            <onclick>ActivateWindow(Favourites)</onclick>
        </control>
        <control type="image">
            <posx>250</posx>
            <posy>250</posy>
            <width>28</width>
            <height>28</height>
            <texture>-fav.png</texture>
        </control>



        <!-- Favs -->
<!--  
        <control type="button" id="80004">
            <posx>130</posx>
            <posy>250</posy>
            <width>240</width>
            <height>30</height>
            <texturefocus>menu button-focus.png</texturefocus>
            <texturenofocus>menu button.png</texturenofocus>
            <onup>80003</onup>
            <ondown>4001</ondown>
            <align>center</align>
            <aligny>center</aligny>
            <font>font13</font>
            <textcolor>ffffffff</textcolor>
            <label>$ADDON[Andy.plugin.program.Guide 80004]</label>
        </control>
        <control type="image">
            <posx>130</posx>
            <posy>250</posy>
            <width>28</width>
            <height>28</height>
            <texture>fav.png</texture>
        </control>
-->



        <control type="button" id="4002">
            <!-- REMINDER -->
            <posx>130</posx>
            <posy>280</posy>
            <width>240</width>
            <height>30</height>
            <texturefocus>menu button-focus.png</texturefocus>
            <texturenofocus>menu button.png</texturenofocus>
            <onup>4000</onup>
            <ondown>80000</ondown>
            <align>center</align>
            <aligny>center</aligny>
            <font>tvg_font13</font>
            <textcolor>ffffffff</textcolor>
        </control>
        <control type="image">
            <posx>130</posx>
            <posy>280</posy>
            <width>28</width>
            <height>28</height>
            <texture>reminder.png</texture>
        </control>


        <control type="button" id="4003">
            <!-- CHANNELS -->
            <posx>130</posx>
            <posy>310</posy>
            <width>240</width>
            <height>30</height>
            <texturefocus>menu button-focus.png</texturefocus>
            <texturenofocus>menu button.png</texturenofocus>
            <onup>4001</onup>
            <ondown>4004</ondown>
            <align>center</align>
            <aligny>center</aligny>
            <font>tvg_font13</font>
            <textcolor>ffffffff</textcolor>
            <label>$ADDON[Andy.plugin.program.Guide 30307]</label>
        </control>
        <control type="image">
            <posx>130</posx>
            <posy>310</posy>
            <width>28</width>
            <height>28</height>
            <texture>channels.png</texture>
        </control>


        <control type="button" id="4004">
            <!-- QUIT -->
            <posx>130</posx>
            <posy>340</posy>
            <width>240</width>
            <height>30</height>
            <texturefocus>menu button-focus.png</texturefocus>
            <texturenofocus>menu button.png</texturenofocus>
            <onup>4003</onup>
            <ondown>4004</ondown>
            <align>center</align>
            <aligny>center</aligny>
            <font>tvg_font13</font>
            <textcolor>ffffffff</textcolor>
            <label>$ADDON[Andy.plugin.program.Guide 30308]</label>
        </control>
        <control type="image">
            <posx>130</posx>
            <posy>340</posy>
            <width>28</width>
            <height>28</height>
            <texture>exit.png</texture>
        </control>


            <!-- Custom back -->
            <control type="button" id="4005">
                <description>Back button</description>
                <!--<posx>100</posx>
                <posy>345</posy>-->
                <posx>100</posx>
                <posy>420</posy>
                <width>25</width>
                <height>25</height>
                <label>Stop</label>
                <font>-</font>            
                <!--<texturefocus border="5">floor_buttonFO.png</texturefocus>
                <texturenofocus border="5">floor_button.png</texturenofocus>-->
                <animation effect="slide" start="280,0" end="0,0" time="250">WindowOpen</animation>
                <animation effect="slide" start="0,0" end="280,0" time="250">WindowClose</animation>
            </control>
            <control type="image">
                <description>Back button Icon</description>
                <!--<posx>100</posx>
                <posy>345</posy>-->
                <posx>100</posx>
                <posy>420</posy>
                <width>25</width>
                <height>25</height>
                <aspectratio>keep</aspectratio>
                <texture>back.png</texture>
            </control>


            <!-- Custom back -->
            <!--
            <control type="button" id="4005">
                <description>Back button</description>
                <posx>100</posx>
                <posy>420</posy>
                <width>25</width>
                <height>25</height>
                <label>Stop</label>
                <font>-</font>            
                <texturefocus border="5">floor_buttonFO.png</texturefocus>
                <texturenofocus border="5">floor_button.png</texturenofocus>
                <animation effect="slide" start="280,0" end="0,0" time="250">WindowOpen</animation>
                <animation effect="slide" start="0,0" end="280,0" time="250">WindowClose</animation>
            </control>
            <control type="image">
                <description>Back button Icon</description>
                <posx>100</posx>
                <posy>420</posy>
                <width>25</width>
                <height>25</height>
                <aspectratio>keep</aspectratio>
                <texture>back.png</texture>
            </control>
            -->


    </controls>
</window>