<?xml version="1.0" encoding="utf-8" ?>
<window>
    <allowoverlay>no</allowoverlay>
    <coordinates>
        <system>1</system>
        <posx>0</posx>
        <posy>170</posy>
    </coordinates>
    <controls>
        <control type="image">
            <description>workaround for texture not being loaded</description>
            <posx>-10000</posx>
            <posy>-10000</posy>
            <width>1</width>
            <height>1</height>
            <texture>tvguide-program-red.png</texture>
        </control>
        <control type="image">
            <description>workaround for texture not being loaded</description>
            <posx>-10000</posx>
            <posy>-10000</posy>
            <width>1</width>
            <height>1</height>
            <texture>tvguide-program-red-focus.png</texture>
        </control>

        <!-- Background -->
        <control type="image" id="4600">
            <posx>0</posx>
            <posy>-170</posy>
            <width>1280</width>
            <height>720</height>
            <texture>Andybg.png</texture>
            <fadetime>500</fadetime>
            <animation type="Conditional" condition="Control.IsVisible(5000)">
                <effect type="fade" start="100" end="0" time="500" />
            </animation>
        </control>
        <control type="image">
            <posx>0</posx>
            <posy>-170</posy>
            <width>1280</width>
            <height>720</height>
            <texture></texture>
            <animation type="Conditional" condition="Control.IsVisible(5000)">
                <effect type="fade" start="100" end="0" time="500" />
            </animation>
        </control>

        <control type="label" id="5000">
            <description>visibility marker for TV Guide group</description>
        </control>
        <control type="group">
            <description>TV Guide group</description>
            <posx>0</posx>
            <posy>0</posy>
            <width>1280</width>
            <height>720</height>
            <visible>!Control.IsVisible(5000)</visible>

            <control type="button" id="5001">
                <description>marker for EPG data view - should be hidden!</description>
                <posx>170</posx>
                <posy>110</posy>
                <width>1105</width>
                <height>400</height>
                <visible>false</visible>
            </control>

            <control type="image" id="4100">
                <posx>155</posx>
                <posy>110</posy>
                <width>15</width>
                <height>398</height>
                <texture>tvguide-timebar.png</texture>
            </control>

            <control type="image">
                <description>half hour time marker 1</description>
                <posx>153</posx>
                <posy>77</posy>
                <width>30</width>
                <height>30</height>
                <visible>true</visible>
                <texture>marker.png</texture>
            </control>
            <control type="image">
                <description>half hour time marker 2</description>
                <posx>429.25</posx>
                <posy>77</posy>
                <width>30</width>
                <height>30</height>
                <visible>true</visible>
                <texture>marker.png</texture>
            </control>
            <control type="image">
                <description>half hour time marker 3</description>
                <posx>705.5</posx>
                <posy>77</posy>
                <width>30</width>
                <height>30</height>
                <visible>true</visible>
                <texture>marker.png</texture>
            </control>
            <control type="image">
                <description>half hour time marker 4</description>
                <posx>981.75</posx>
                <posy>77</posy>
                <width>30</width>
                <height>30</height>
                <visible>true</visible>
                <texture>marker.png</texture>
            </control>

            <control type="image">
                <description>workaround for texture not being loaded</description>
                <posx>0</posx>
                <posy>510</posy>
                <width>1280</width>
                <height>40</height>
                <visible>true</visible>
                <texture></texture>
            </control>

            <control type="image">
                <description>workaround for texture not being loaded</description>
                <posx>0</posx>
                <posy>-90</posy>
                <width>1280</width>
                <height>117</height>
                <visible>true</visible>
                <texture></texture>
            </control>

            <control type="image">
                <description>workaround for texture not being loaded</description>
                <posx>0</posx>
                <posy>-170</posy>
                <width>1280</width>
                <height>78</height>
                <visible>true</visible>
                <texture></texture>
            </control>



            <!-- Big channel logo top right by clock-->
            <!-- unused in default skin -->
            <!--
            <control type="image" id="4024">
                <description>Channel logo</description>            
                <posx>900</posx>
                <posy>-175</posy>
                <width>230</width>
                <height>80</height>
                <align>right</align>
                <fadetime>500</fadetime>
                <visible>false</visible>
                <aspectratio>keep</aspectratio>
            </control>
            -->

            <!-- top row-->
            <!--
            <control type="image">
                <description>TV Guide header logo</description>
                <posx>900</posx>
                <posy>-180</posy>
                <width>90</width>
                <height>90</height>
                <aspectratio>keep</aspectratio>
                <fadetime>500</fadetime>
                <texture>icon.png</texture>
                <visible>false</visible>
            </control>
            -->
            <!-- Custom top row-->
            <!--
            <control type="image">
                <description>Kodi Logo</description>
                <posx>985</posx>
                <posy>-185</posy>
                <width>150</width>
                <height>95</height>
                <aspectratio>keep</aspectratio>
                <align>centre</align>
                <fadetime>500</fadetime>
                <texture>guide-logo.png</texture>
                <visible>false</visible>
            </control>
            -->



            <!-- custom rss column -->
            <!--
            <control type="group">
                <depth>DepthMenu</depth>
                <posx>190</posx>
                <posy>-170</posy>
                <visible>system.getbool(lookandfeel.enablerssfeeds)</visible>
                <control type="rss" id="2">
                    <description>RSS feed</description>
                    <left>40</left>
                    <top>0</top>
                    <height>15</height>
                    <width>650</width>
                    <font>font10</font>
                    <urlset>2</urlset>
                    <textcolor>blue</textcolor>
                    <titlecolor>blue</titlecolor>
                    <headlinecolor>white</headlinecolor>
                </control>
                <control type="rss" id="3">
                    <description>RSS feed2</description>
                    <left>40</left>
                    <top>15</top>
                    <height>15</height>
                    <width>650</width>
                    <font>font10</font>
                    <urlset>3</urlset>
                    <textcolor>blue</textcolor>
                    <titlecolor>blue</titlecolor>
                    <headlinecolor>white</headlinecolor>
                </control>
            <!--
			<control type="rss" id="1">
				<description>RSS feed3</description>
				<left>40</left>
				<top>40</top>
				<height>30</height>
				<width>800</width>
				<font>font10</font>
				<urlset>1</urlset>
				<textcolor>blue</textcolor>
				<titlecolor>blue</titlecolor>
				<headlinecolor>white</headlinecolor>
			</control>
            </control>-->


            <!-- Custom Stop -->
            <!--<control type="button" id="99899996">-->
            <control type="button" id="30049">
                <description>Stop button</description>
                <left>1260</left>
                <top>-105</top>
                <width>15</width>
                <height>15</height>
                <label>Stop</label>
                <font>-</font>
                <onclick>stop</onclick>                
                <texturefocus border="5">floor_buttonFO.png</texturefocus>
                <texturenofocus border="5">floor_button.png</texturenofocus>
            </control>
            <control type="image">
                <description>Stop button Icon</description>
                <left>1260</left>
                <top>-105</top>
                <width>15</width>
                <height>15</height>
                <aspectratio>keep</aspectratio>
                <texture>stop.png</texture>
            </control>



            <!-- Custom search home bar-->
            <control type="radiobutton" id="608">
                <colordiffuse>CCFFFFFF</colordiffuse>
                <description>Global Search</description>
                <left>1160</left>
                <top>75</top>
                <height>32</height>
                <width>120</width>
                <textwidth>100</textwidth>
                <textoffsetx>10</textoffsetx>
                <align>center</align>
                <font>font12</font>
                <textcolor>grey2</textcolor>
                <focusedcolor>white</focusedcolor>
                <texturefocus flipy="true" border="5">HomeSubFO.png</texturefocus>
                <texturenofocus flipy="true" border="5">HomeSubNF.png</texturenofocus>
                <pulseonselect>false</pulseonselect>
                <label>137</label>
                <onclick>RunScript(script.globalsearch)</onclick>
                <textureradioofffocus>icon_search.png</textureradioofffocus>
                <textureradiooffnofocus>icon_search.png</textureradiooffnofocus>
                <onup>9003</onup>
                <ondown>9000</ondown>
                <visible>System.HasAddon(script.globalsearch)</visible>
            </control>

            <!-- Custom bottom row cpu-->
            <control type="label">
                <description>CPU</description>
                <posx>10</posx>
                <posy>510</posy>
                <width>360</width>
                <height>45</height>
                <textcolor>ffffffff</textcolor>
                <font>font10</font>
                <align>left</align>
                <label>$LOCALIZE[13271] $INFO[System.CPUUsage]</label>
            </control>
            <!-- Custom bottom row mem-->
            <control type="label">
                <description>MEM</description>
                <posx>10</posx>
                <posy>530</posy>
                <width>360</width>
                <height>45</height>
                <textcolor>ffffffff</textcolor>
                <font>font10</font>
                <align>left</align>
                <label>$INFO[system.memory(used.percent)] [B]/[/B] $INFO[system.memory(total)]</label>
                <!--<label>$LOCALIZE[31309] $INFO[system.memory(used.percent)] [B]/[/B] $INFO[system.memory(total)]</label>-->
                <!--<label>$LOCALIZE[31309] $INFO[system.memory(used)] [B]/[/B] $INFO[system.memory(total)] [B]-[/B] $INFO[system.memory(used.percent)]</label>-->
            </control>





            <!-- Date and time row -->
            <control type="group">
                <posx>0</posx>
                <posy>10</posy>
                <width>1280</width>
                <height>50</height>
                <visible>true</visible>

                <!-- custom date in guide-->
                <control type="label">
                    <description>Displays todays date</description>
                    <posx>5</posx>
                    <posy>55</posy>
                    <width>180</width>
                    <height>50</height>
                    <textcolor>ffffffff</textcolor>
                    <font>font10</font>
                    <align>left</align>
                    <aligny>center</aligny>
                    <!--<label>TV Guide</label>-->
                    <label>$INFO[System.Time(hh:mm:xx)]$INFO[System.Date(" ddd")]$INFO[System.Date(" DD/MM")]</label>
                </control>

                <control type="label" id="4000">
                    <description>date (short)</description>
                    <posx>1275</posx>
                    <posy>-210</posy>
                    <width>180</width>
                    <height>100</height>
                    <textcolor>ffffffff</textcolor>
                    <font>[B]font13[/B]</font>
                    <align>right</align>
                    <aligny>center</aligny>
                    <visible>true</visible>
                </control>

                <control type="label" id="3999">
                    <description>date (long)</description>
                    <posx>1250</posx>
                    <posy>-190</posy>
                    <width>500</width>
                    <height>100</height>
                    <textcolor>ffffffff</textcolor>
                    <font>font13</font>
                    <align>right</align>
                    <aligny>center</aligny>
                    <visible>false</visible>
                </control>

                <control type="label">
                    <description>clock</description>
                    <posx>1275</posx>
                    <posy>-180</posy>
                    <width>500</width>
                    <height>100</height>
                    <textcolor>ffffffff</textcolor>
                    <font>font13</font>
                    <align>right</align>
                    <aligny>center</aligny>
                    <label>[B]$INFO[System.Time(hh:mm:xx)][/B]</label>
                </control>

                <control type="label">
                    <description>channels</description>
                    <posx>-15</posx>
                    <posy>-20</posy>
                    <width>180</width>
                    <height>100</height>
                    <textcolor>ffffffff</textcolor>
                    <font>font13</font>
                    <align>center</align>
                    <aligny>center</aligny>
                    <label></label>
                </control>

                <control type="label" id="4001">
                    <description>1st half hour column</description>
                    <posx>183</posx>
                    <posy>57</posy>
                    <width>270</width>
                    <height>50</height>
                    <textcolor>ffffffff</textcolor>
                    <font>font12</font>
                    <aligny>center</aligny>
                </control>
                <control type="label" id="4002">
                    <description>2nd half hour column</description>
                    <posx>459.25</posx>
                    <posy>57</posy>
                    <width>270</width>
                    <height>50</height>
                    <textcolor>ffffffff</textcolor>
                    <font>font12</font>
                    <aligny>center</aligny>
                </control>
                <control type="label" id="4003">
                    <description>3rd half hour column</description>
                    <posx>735.5</posx>
                    <posy>57</posy>
                    <width>270</width>
                    <height>50</height>
                    <textcolor>ffffffff</textcolor>
                    <font>font12</font>
                    <aligny>center</aligny>
                </control>
                <control type="label" id="4004">
                    <description>4th half hour column</description>
                    <posx>1011.75</posx>
                    <posy>57</posy>
                    <width>270</width>
                    <height>50</height>
                    <textcolor>ffffffff</textcolor>
                    <font>font12</font>
                    <aligny>center</aligny>
                </control>
            </control>


            <!-- Channels column -->
            <control type="group">
                <posx>-10</posx>
                <posy>110</posy>
                <width>180</width>
                <height>400</height>
                <visible>true</visible>

                <!-- text labels -->
                <control type="label" id="4010">
                    <description>1st channel</description>
                    <posx>15</posx>
                    <posy>0</posy>
                    <width>155</width>
                    <height>50</height>
                    <textcolor>ffffffff</textcolor>
                    <font>font13</font>
                    <align>left</align>
                    <aligny>center</aligny>
                    <scroll time="3600" delay="6000" repeat="6000">true</scroll>
                    <visible>StringCompare(Control.GetLabel(4110),)</visible>
                    <texturenofocus></texturenofocus>
                </control>
                <control type="label" id="4011">
                    <description>2nd channel</description>
                    <posx>15</posx>
                    <posy>50</posy>
                    <width>155</width>
                    <height>50</height>
                    <textcolor>ffffffff</textcolor>
                    <font>font13</font>
                    <align>left</align>
                    <aligny>center</aligny>

                    <scroll time="3600" delay="6000" repeat="6000">true</scroll>
                    <visible>StringCompare(Control.GetLabel(4111),)</visible>
                </control>
                <control type="label" id="4012">
                    <description>3rd channel</description>
                    <posx>15</posx>
                    <posy>100</posy>
                    <width>155</width>
                    <height>50</height>
                    <textcolor>ffffffff</textcolor>
                    <font>font13</font>
                    <align>left</align>
                    <aligny>center</aligny>
                    <scroll time="3600" delay="6000" repeat="6000">true</scroll>
                    <visible>StringCompare(Control.GetLabel(4112),)</visible>
                </control>
                <control type="label" id="4013">
                    <description>4th channel</description>
                    <posx>15</posx>
                    <posy>150</posy>
                    <width>155</width>
                    <height>50</height>
                    <textcolor>ffffffff</textcolor>
                    <font>font13</font>
                    <align>left</align>
                    <aligny>center</aligny>
                    <scroll time="3600" delay="6000" repeat="6000">true</scroll>
                    <visible>StringCompare(Control.GetLabel(4113),)</visible>
                </control>
                <control type="label" id="4014">
                    <description>5th channel</description>
                    <posx>15</posx>
                    <posy>200</posy>
                    <width>155</width>
                    <height>50</height>
                    <textcolor>ffffffff</textcolor>
                    <font>font13</font>
                    <align>left</align>
                    <aligny>center</aligny>
                    <scroll time="3600" delay="6000" repeat="6000">true</scroll>
                    <visible>StringCompare(Control.GetLabel(4114),)</visible>
                </control>
                <control type="label" id="4015">
                    <description>6th channel</description>
                    <posx>15</posx>
                    <posy>250</posy>
                    <width>155</width>
                    <height>50</height>
                    <textcolor>ffffffff</textcolor>
                    <font>font13</font>
                    <align>left</align>
                    <aligny>center</aligny>
                    <scroll time="3600" delay="6000" repeat="6000">true</scroll>
                    <visible>StringCompare(Control.GetLabel(4115),)</visible>
                </control>
                <control type="label" id="4016">
                    <description>7th channel</description>
                    <posx>15</posx>
                    <posy>300</posy>
                    <width>155</width>
                    <height>50</height>
                    <textcolor>ffffffff</textcolor>
                    <font>font13</font>
                    <align>left</align>
                    <aligny>center</aligny>
                    <scroll time="3600" delay="6000" repeat="6000">true</scroll>
                    <visible>StringCompare(Control.GetLabel(4116),)</visible>
                </control>
                <control type="label" id="4017">
                    <description>8th channel</description>
                    <posx>15</posx>
                    <posy>350</posy>
                    <width>155</width>
                    <height>50</height>
                    <textcolor>ffffffff</textcolor>
                    <font>font13</font>
                    <align>left</align>
                    <aligny>center</aligny>
                    <scroll time="3600" delay="6000" repeat="6000">true</scroll>
                    <visible>StringCompare(Control.GetLabel(4117),)</visible>
                </control>
                <control type="label" id="4018">
                    <description>9th channel</description>
                    <posx>15</posx>
                    <posy>400</posy>
                    <width>155</width>
                    <height>50</height>
                    <textcolor>ffffffff</textcolor>
                    <font>font13</font>
                    <align>left</align>
                    <aligny>center</aligny>
                    <scroll time="3600" delay="6000" repeat="6000">true</scroll>
                    <visible>StringCompare(Control.GetLabel(4118),)</visible>
                </control>

                <!-- logo images -->
                <control type="image" id="4110">
                    <description>1st channel</description>
                    <posx>17.5</posx>
                    <posy>0</posy>
                    <width>153</width>
                    <height>45</height>
                    <aspectratio></aspectratio>
                    <visible>!StringCompare(Control.GetLabel(4110),)</visible>
                </control>
                <control type="image" id="4111">
                    <description>2nd channel</description>
                    <posx>17.5</posx>
                    <posy>50</posy>
                    <width>153</width>
                    <height>45</height>
                    <aspectratio></aspectratio>
                    <visible>!StringCompare(Control.GetLabel(4111),)</visible>
                </control>
                <control type="image" id="4112">
                    <description>3rd channel</description>
                    <posx>17.5</posx>
                    <posy>100</posy>
                    <width>153</width>
                    <height>45</height>
                    <aspectratio></aspectratio>
                    <visible>!StringCompare(Control.GetLabel(4112),)</visible>
                </control>
                <control type="image" id="4113">
                    <description>4th channel</description>
                    <posx>17.5</posx>
                    <posy>150</posy>
                    <width>153</width>
                    <height>45</height>
                    <aspectratio></aspectratio>
                    <visible>!StringCompare(Control.GetLabel(4113),)</visible>
                </control>
                <control type="image" id="4114">
                    <description>5th channel</description>
                    <posx>17.5</posx>
                    <posy>200</posy>
                    <width>153</width>
                    <height>45</height>
                    <aspectratio></aspectratio>
                    <visible>!StringCompare(Control.GetLabel(4114),)</visible>
                </control>
                <control type="image" id="4115">
                    <description>6th channel</description>
                    <posx>17.5</posx>
                    <posy>250</posy>
                    <width>153</width>
                    <height>45</height>
                    <aspectratio></aspectratio>
                    <visible>!StringCompare(Control.GetLabel(4115),)</visible>
                </control>
                <control type="image" id="4116">
                    <description>7th channel</description>
                    <posx>17.5</posx>
                    <posy>300</posy>

                    <width>153</width>
                    <height>45</height>
                    <aspectratio></aspectratio>
                    <visible>!StringCompare(Control.GetLabel(4116),)</visible>
                </control>
                <control type="image" id="4117">
                    <description>8th channel</description>
                    <posx>17.5</posx>
                    <posy>350</posy>
                    <width>153</width>
                    <height>45</height>
                    <aspectratio></aspectratio>
                    <visible>!StringCompare(Control.GetLabel(4117),)</visible>
                </control>
                <control type="image" id="4118">
                    <description>9th channel</description>
                    <posx>10</posx>
                    <posy>400</posy>
                    <width>160</width>
                    <height>45</height>
                    <aspectratio>keep</aspectratio>
                    <visible>!StringCompare(Control.GetLabel(4118),)</visible>
                </control>
            </control>
            
            
  


            <!-- Big channel logo top right-->
            <!-- unused in default skin -->
            <!--
            <control type="image" id="4024">
                <description>Channel logo</description>
                <posx>990</posx>
                <posy>-80</posy>
                <width>250</width>
                <height>100</height>
                <align>right</align>
                <aspectratio>keep</aspectratio>
                <fadetime>500</fadetime>
                <visible>true</visible>
            </control>
             -->
           

            <!-- LiveTV Test Pattern Place Holder-->
            <!-- unused in default skin -->
            <!--
            <control type="image" id="4024">
                <description>Channel Test Pattern</description>
                <posx>980</posx>
                <posy>-80</posy>
                <width>350</width>
                <height>125</height>
                <align>right</align>
                <aspectratio>keep</aspectratio>
                <fadetime>500</fadetime>
                <texture>-tv.png</texture>
                <visible>true</visible>
            </control>
            -->


            <control type="label" id="4020">
                <description>Program title</description>
                <!--<posx>7</posx>-->
                <posx>277</posx>
                <posy>-145</posy>
                <width>600</width>
                <height>50</height>
                <!--<textcolor>yellow</textcolor>-->
                <textcolor>gold</textcolor>
                <font>font16</font>
                <scroll time="3600" delay="6000" repeat="6000">true</scroll>
                <aligny>center</aligny>
            </control>


            <!-- Big channel logo top left-->
            <control type="image" id="4024">
                <description>Channel logo</description>
                <posx>-7</posx>
                <posy>-170</posy>
                <width>270</width>
                <height>70</height>
                <align>left</align>
                <aspectratio>keep</aspectratio>
                <fadetime>500</fadetime>
                <visible>true</visible>
            </control>
                      

            <control type="label" id="4021">
                <description>Program time</description>
                <!--<posx>7</posx>-->
                <posx>277</posx>
                <posy>-175</posy>
                <width>340</width>
                <height>50</height>
                <textcolor>ffffffff</textcolor>
                <font>font13</font>
                <align>left</align>
                <aligny>center</aligny>
            </control>
            
            
            <control type="textbox" id="4022">
                <description>Program description</description>
                <posx>7</posx>
                <posy>-95</posy>
                <width>940</width>
                <height>160</height>
                <textcolor>ffffffff</textcolor>
                <font>font14</font>
                <align>justify</align>
                <wrapmultiline>true</wrapmultiline>
                <autoscroll time="3600" delay="6000" repeat="6000">true</autoscroll>
            </control>


            <control type="image" id="4023">
                <description>Program episode logo from EPG not livetv</description>
                <posx>973</posx>
                <posy>-93</posy>
                <width>295</width>
                <height>161</height>
                <!--<posx>970</posx>
                <posy>-70</posy>
                <width>300</width>
                <height>120</height>-->
                <aspectratio>keep</aspectratio>
                <fadetime>500</fadetime>
                <visible>true</visible>
                <texture>tvguide-logo-epg.png</texture>
            </control>



            <control type="label" id="4200">
                <description>visibility marker for loading group</description>
            </control>
            <control type="group">
                <posx>340</posx>
                <posy>250</posy>
                <width>600</width>
                <height>55</height>
                <visible>!Control.IsVisible(4200)</visible>
                <animation effect="fade" start="0" end="100" time="250" delay="1500">Visible</animation>

                <control type="image">
                    <description>loading splash</description>
                    <posx>-30</posx>
                    <posy>40</posy>
                    <width>90</width>
                    <height>70</height>
                    <texture>1.gif</texture>
                </control>

                <control type="image">
                    <description>loading splash</description>
                    <posx>1</posx>
                    <posy>41</posy>
                    <width>50</width>
                    <height>50</height>
                    <texture>a.png</texture>
                </control>
                <control type="label">
                    <description>loading splash</description>
                    <posx>70</posx>
                    <posy>34</posy>
                    <width>600</width>
                    <height>55</height>
                    <label>$ADDON[Andy.plugin.program.Guide 30001]</label>
                    <textcolor>ffffffff</textcolor>
                    <font>font30</font>
                    <aligny>center</aligny>
                </control>
                <control type="progress" id="4201">
                    <posx>70</posx>
                    <posy>40</posy>
                    <width>580</width>
                    <height>2</height>
                    <texturebg />
                    <lefttexture />
                    <midtexture>tvguide-white-progress.png</midtexture>
                    <righttexture />
                </control>
                <control type="label" id="4202">
                    <description>loading time left</description>
                    <posx>70</posx>
                    <posy>60</posy>
                    <width>600</width>
                    <height>50</height>
                    <label>...</label>
                    <textcolor>ffffffff</textcolor>
                    <font>font13</font>
                    <aligny>center</aligny>
                </control>
                <control type="button" id="4203">
                    <posx>75</posx>
                    <posy>105</posy>
                    <width>150</width>
                    <height>50</height>
                    <label>$ADDON[Andy.plugin.program.Guide 30008]</label>
                    <textcolor>ffffffff</textcolor>
                    <font>font13</font>
                    <aligny>center</aligny>
                    <align>center</align>
                    <texturefocus>tvguide-program-grey-focus.png</texturefocus>
                    <texturenofocus>tvguide-program-grey.png</texturenofocus>
                </control>
            </control>



            <control type="label" id="4300">
                <description>visibility marker for mouse control group</description>
                <posx>0</posx>
                <posy>0</posy>
                <width>50</width>
                <height>50</height>
            </control>

           <!-- Autohides button -->
            <control type="group">
                <posx>0</posx>
                <posy>720</posy>
                <width>1280</width>
                <height>70</height>
                <visible>!Control.IsVisible(4300)</visible>
                <animation effect="slide" start="0,0" end="0,-70" time="500">Visible</animation>
                <!--<animation effect="slide" start="0,-70" end="0,0" time="500">Hidden</animation>-->
                <animation effect="slide" start="0,-70" end="0,0" time="500">Visible</animation>                
                <control type="image">
                    <posx>0</posx>
                    <posy>0</posy>
                    <width>1280</width>
                    <height>70</height>
                    <texture></texture>
                </control>
                <control type="image">
                    <posx>0</posx>
                    <posy>0</posy>
                    <width>1280</width>
                    <height>70</height>
                    <texture></texture>
                </control>

                <control type="button" id="4301">
                    <description>navigate to now</description>
                    <posx>270</posx>
                    <posy>-135</posy>
                    <width>100</width>
                    <height>30</height>
                    <label>NOW</label>
                    <label>$ADDON[Andy.plugin.program.Guide 30006]</label>
                    <textcolor>ffffffff</textcolor>
                    <font>font12</font>
                    <aligny>center</aligny>
                    <align>center</align>
                    <texturefocus>tvguide-program-grey-focus.png</texturefocus>
                    <texturenofocus>tvguide-program-grey.png</texturenofocus>
                </control>

                <control type="button" id="4302">
                    <description>navigate left</description>
                    <posx>400</posx>
                    <posy>-135</posy>
                    <width>100</width>
                    <height>30</height>
                    <textcolor>ffffffff</textcolor>
                    <font>font12</font>
                    <label>LEFT</label>
                    <aligny>center</aligny>
                    <align>center</align>
                    <texturefocus>tvguide-program-grey-focus.png</texturefocus>
                    <texturenofocus>tvguide-program-grey.png</texturenofocus>
                </control>
                
                <control type="button" id="4303">
                    <description>navigate up</description>
                    <posx>530</posx>
                    <posy>-135</posy>
                    <width>100</width>
                    <height>30</height>
                    <textcolor>ffffffff</textcolor>
                    <font>font12</font>
                    <label>UP</label>
                    <aligny>center</aligny>
                    <align>center</align>
                    <texturefocus>tvguide-program-grey-focus.png</texturefocus>
                    <texturenofocus>tvguide-program-grey.png</texturenofocus>
                </control>
                
                <control type="button" id="4304">
                    <description>navigate down</description>
                    <posx>660</posx>
                    <posy>-135</posy>
                    <width>100</width>
                    <height>30</height>
                    <textcolor>ffffffff</textcolor>
                    <font>font12</font>
                    <label>DOWN</label>
                    <aligny>center</aligny>
                    <align>center</align>
                    <texturefocus>tvguide-program-grey-focus.png</texturefocus>
                    <texturenofocus>tvguide-program-grey.png</texturenofocus>
                </control>

                <control type="button" id="4305">
                    <description>navigate right</description>
                    <posx>790</posx>
                    <posy>-135</posy>
                    <width>100</width>
                    <height>30</height>
                    <textcolor>ffffffff</textcolor>
                    <font>font12</font>
                    <label>RIGHT</label>
                    <aligny>center</aligny>
                    <align>center</align>
                    <texturefocus>tvguide-program-grey-focus.png</texturefocus>
                    <texturenofocus>tvguide-program-grey.png</texturenofocus>
                </control>

                <!-- custom clean -->
                <!--
                <control type="button" id="43011">
                    <description>Clean Cache</description>
                    <posx>920</posx>
                    <posy>-135</posy>
                    <width>30</width>
                    <height>30</height>
                    <textcolor>ffffffff</textcolor>
                    <font>font12</font>
                    <label></label>
                    <aligny>center</aligny>
                    <align>center</align>
                    <onclick>RunScript(special://home/addons/Andy.plugin.program.Guide/resources/Clear_Cache.py)</onclick>
                    <texturefocus>clean.png</texturefocus>
                    <texturenofocus>clean.png</texturenofocus>
                </control>
                -->
                
                <!-- Open PVR -->
                <!--
                <control type="button" id="43011">
                    <visible>PVR.HasTVChannels</visible>
                    <description>PVR Button</description>
                    <posx>920</posx>
                    <posy>-135</posy>
                    <width>30</width>
                    <height>30</height>
                    <textcolor>ffffffff</textcolor>
                    <font>font12</font>
                    <label></label>
                    <aligny>center</aligny>
                    <align>center</align>
                    <onclick>ActivateWindow(TVChannels)</onclick>
                    <texturefocus>icon-pvr.png</texturefocus>
                    <texturenofocus>icon-pvr.png</texturenofocus>
                </control>               
                -->
                
                <!-- Custom Video Button -->
                <!--
                <control type="button" id="43066">
                    <description>VideoAddon</description>
                    <posx>970</posx>
                    <posy>-135</posy>
                    <width>30</width>
                    <height>30</height>
                    <textcolor>ffffffff</textcolor>
                    <font>font12</font>
                    <label></label>
                    <aligny>center</aligny>
                    <align>center</align>
                    <texturefocus>icon-tv.png</texturefocus>
                    <texturenofocus>icon-tv.png</texturenofocus>
                    <onclick>ActivateWindow(Videos, Addons, return)</onclick>
                </control>
                -->
                <!-- Custom Programs Button -->
                <!--
                <control type="button" id="430666">
                    <description>ProgramsButton</description>
                    <posx>1020</posx>
                    <posy>-135</posy>
                    <width>30</width>
                    <height>30</height>
                    <textcolor>ffffffff</textcolor>
                    <font>font12</font>
                    <label></label>
                    <aligny>center</aligny>
                    <align>center</align>
                    <texturefocus>icon-programs.png</texturefocus>
                    <texturenofocus>icon-programs.png</texturenofocus>
                    <onclick>ActivateWindow(Programs, Addons, return)</onclick>
                </control>
                -->

                <!-- PVR Button -->
                <control type="button" id="43010">
                    <visible>PVR.HasTVChannels</visible>
                    <description>PVR Button</description>
                    <posx>970</posx>
                    <posy>-135</posy>
                    <width>30</width>
                    <height>30</height>
                    <textcolor>ffffffff</textcolor>
                    <font>font12</font>
                    <label></label>
                    <aligny>center</aligny>
                    <align>center</align>
                    <onclick>ActivateWindow(TVChannels)</onclick>
                    <texturefocus>icon-pvr.png</texturefocus>
                    <texturenofocus>icon-pvr.png</texturenofocus>
                </control>  


                <!-- Clear Cache Button -->
                <control type="button" id="4309">
                    <description>Clear Cache</description>
                    <posx>1020</posx>
                    <posy>-135</posy>
                    <width>30</width>
                    <height>30</height>
                    <textcolor>ffffffff</textcolor>
                    <font>font12</font>
                    <label></label>
                    <aligny>center</aligny>
                    <align>center</align>
                    <onclick>RunScript(special://home/addons/Andy.plugin.program.Guide/resources/Clear_Cache.py)</onclick>
                    <texturefocus>clean.png</texturefocus>
                    <texturenofocus>clean.png</texturenofocus>
                </control>

                <!-- Favs -->
                <control type="button" id="4308">
                  <description>Favs</description>
                  <posx>1070</posx>
                    <posy>-135</posy>
                    <width>30</width>
                    <height>30</height>
                    <textcolor>ffffffff</textcolor>
                    <font>font12</font>
                    <label></label>
                    <aligny>center</aligny>
                    <align>center</align>
                    <texturefocus>fav.png</texturefocus>
                    <texturenofocus>fav.png</texturenofocus>
                    <onclick>ActivateWindow(Favourites)</onclick>
                </control>

                
                <!-- Change Guide -->
                <control type="button" id="4307">
                    <description>Change Guide</description>
                    <posx>1120</posx>
                    <posy>-135</posy>
                    <width>30</width>
                    <height>30</height>
                    <textcolor>ffffffff</textcolor>
                    <font>font12</font>
                    <label></label>
                    <aligny>center</aligny>
                    <align>center</align>
                    <texturefocus>icon.png</texturefocus>
                    <texturenofocus>icon.png</texturenofocus>
                    <!--<onclick>Addon.OpenSettings(Andy.plugin.program.Guide)</onclick>-->
                    <onclick>RunScript(special://home/addons/Andy.plugin.program.Guide/guideTypes.py)</onclick>
                </control>
                <!-- -->

                <!-- Exit -->
                <control type="button" id="4306">
                    <description>exit</description>
                    <posx>1173</posx>
                    <posy>-135</posy>
                    <width>100</width>
                    <height>30</height>
                    <textcolor>ffffffff</textcolor>
                    <font>font12</font>
                    <label>EXIT</label>
                    <aligny>center</aligny>
                    <align>center</align>
                    <texturefocus>tvguide-program-grey-focus.png</texturefocus>
                    <texturenofocus>tvguide-program-grey.png</texturenofocus>
                </control>

            </control>

        </control>
        
      
        
        
        <!-- id="5000" -->

        <control type="videowindow">
            <posx>0</posx>
            <posy>-170</posy>
            <width>1280</width>
            <height>720</height>
            <animation type="Conditional" condition="!Control.IsVisible(5000)">
                <effect type="zoom" end="23" center="1265,-74" time="500" />
            </animation>
        </control>

        <control type="label" id="6000">
            <description>visibility marker for OSD Info bar</description>
        </control>
        <control type="group">
            <description>OSD Info bar</description>
            <posx>0</posx>
            <posy>500</posy>
            <width>1280</width>
            <height>220</height>
            <visible>!Control.IsVisible(6000)</visible>
            <animation effect="fade" start="0" end="100" time="500">VisibleChange</animation>

            <control type="image">
                <posx>0</posx>
                <posy>0</posy>
                <width>1280</width>
                <height>220</height>
                <texture>osd-main.png</texture>
            </control>

            <!-- Program description -->
            <control type="label" id="6001">
                <description>Program title</description>
                <posx>30</posx>
                <posy>12</posy>
                <width>850</width>
                <height>50</height>
                <label>[B]Title[/B]</label>
                <textcolor>ffffffff</textcolor>
                <font>font13</font>
                <aligny>center</aligny>
            </control>
            <control type="label" id="6002">
                <description>Program time</description>
                <posx>1255</posx>
                <posy>12</posy>
                <width>240</width>
                <height>50</height>
                <label>[B]18:00 - 20:00[/B]</label>
                <textcolor>ffffffff</textcolor>
                <font>font13</font>
                <align>right</align>
                <aligny>center</aligny>
            </control>
            <control type="textbox" id="6003">
                <description>Program description</description>
                <posx>30</posx>
                <posy>50</posy>
                <width>1230</width>
                <height>149</height>
                <label>Description</label>
                <textcolor>ffffffff</textcolor>
                <font>font13</font>
                <wrapmultiline>true</wrapmultiline>
                <autoscroll time="3600" delay="6000" repeat="6000">true</autoscroll>
            </control>
            <control type="image" id="6004">
                <description>Program channel logo</description>
                <posx>1100</posx>
                <posy>155</posy>
                <width>160</width>
                <height>45</height>
                <aspectratio>keep</aspectratio>
            </control>
            <control type="label" id="6005">
                <description>Program channel text</description>
                <posx>110</posx>
                <posy>155</posy>
                <width>160</width>
                <height>45</height>
                <textcolor>ffffffff</textcolor>
                <font>font13</font>
                <align>center</align>
                <visible>StringCompare(Control.GetLabel(6004),)</visible>
            </control>

        </control>

    </controls>
</window>